Unidade;nome;matricula;Instante;Estado;Comunica;CoordX;CoordY;Linha;Rota;Posicao;Viagem;Velocidade
3333;E1;3333;2018-01-22 04:53:37.500;1;1;293849;9115061;NULL;NULL;NULL;NULL;NULL
3333;E1;3333;2018-01-22 04:54:36.967;1;1;293850;9115005;NULL;NULL;NULL;NULL;NULL
3333;E1;3333;2018-01-22 04:55:36.463;1;1;293829;9114939;NULL;NULL;NULL;NULL;NULL
3333;E1;3333;2018-01-22 04:56:35.913;1;1;293798;9115008;NULL;NULL;NULL;NULL;NULL
3333;E1;3333;2018-01-22 04:57:35.363;1;1;293782;9115071;NULL;NULL;NULL;NULL;NULL
3333;E1;3333;2018-01-22 04:58:35.280;1;0;293782;9115071;NULL;NULL;NULL;NULL;NULL
3333;E1;3333;2018-01-22 05:05:31.527;1;1;293513;9115399;NULL;NULL;NULL;NULL;NULL
3333;E1;3333;2018-01-22 05:06:30.980;1;1;293311;9115261;NULL;NULL;NULL;NULL;NULL
3333;E1;3333;2018-01-22 05:07:30.477;1;1;292690;9115080;NULL;NULL;NULL;NULL;NULL
3333;E1;3333;2018-01-22 05:08:29.990;1;1;292339;9114853;NULL;NULL;NULL;NULL;NULL
3333;E1;3333;2018-01-22 05:09:29.470;1;1;292067;9114514;NULL;NULL;NULL;NULL;NULL
3333;E1;3333;2018-01-22 05:10:29.000;1;1;291841;9114210;NULL;NULL;NULL;NULL;NULL
3333;E1;3333;2018-01-22 05:11:28.480;1;1;291746;9113695;NULL;NULL;NULL;NULL;NULL
3333;E1;3333;2018-01-22 05:12:28.227;1;1;291315;9113161;NULL;NULL;NULL;NULL;NULL
3333;E1;3333;2018-01-22 05:13:27.770;1;1;290906;9112602;NULL;NULL;NULL;NULL;NULL
3333;E1;3333;2018-01-22 05:14:27.533;1;1;290544;9112809;NULL;NULL;NULL;NULL;NULL
3333;E1;3333;2018-01-22 05:15:27.297;1;1;290152;9112910;NULL;NULL;NULL;NULL;NULL
3333;E1;3333;2018-01-22 05:16:26.840;1;1;289756;9113031;NULL;NULL;NULL;NULL;NULL
3333;E1;3333;2018-01-22 05:17:26.370;1;0;289756;9113031;NULL;NULL;NULL;NULL;NULL
3333;E1;3333;2018-01-22 05:18:26.333;1;1;289214;9113848;NULL;NULL;NULL;NULL;NULL
3333;E1;3333;2018-01-22 05:19:24.957;1;1;289526;9113824;NULL;NULL;NULL;NULL;NULL
3333;E1;3333;2018-01-22 05:20:24.487;1;1;289547;9113806;NULL;NULL;NULL;NULL;NULL
3333;E1;3333;2018-01-22 05:21:24.047;1;0;289547;9113806;NULL;NULL;NULL;NULL;NULL
3333;E1;3333;2018-01-22 05:25:22.410;1;1;289154;9113838;NULL;NULL;NULL;NULL;NULL
3333;E1;3333;2018-01-22 05:26:21.953;1;1;289148;9113507;NULL;NULL;NULL;NULL;NULL
3333;E1;3333;2018-01-22 05:27:21.497;1;1;289184;9113237;NULL;NULL;NULL;NULL;NULL
3333;E1;3333;2018-01-22 05:28:21.027;1;1;289046;9113528;NULL;NULL;NULL;NULL;NULL
3333;E1;3333;2018-01-22 05:29:20.820;1;1;288952;9113666;NULL;NULL;NULL;NULL;NULL
3333;E1;3333;2018-01-22 05:30:20.677;1;1;289023;9114028;NULL;NULL;NULL;NULL;NULL
3333;E1;3333;2018-01-22 05:31:20.237;1;1;289305;9114365;NULL;NULL;NULL;NULL;NULL
3333;E1;3333;2018-01-22 05:32:19.827;1;1;289610;9114317;NULL;NULL;NULL;NULL;NULL
3333;E1;3333;2018-01-22 05:33:19.387;1;1;289931;9114266;NULL;NULL;NULL;NULL;NULL
3333;E1;3333;2018-01-22 05:34:18.930;1;1;290238;9114346;NULL;NULL;NULL;NULL;NULL
3333;E1;3333;2018-01-22 05:35:18.490;1;1;290523;9114557;NULL;NULL;NULL;NULL;NULL
3333;E1;3333;2018-01-22 05:36:18.067;1;1;290857;9114843;NULL;NULL;NULL;NULL;NULL
3333;E1;3333;2018-01-22 05:37:17.827;1;1;291134;9114731;NULL;NULL;NULL;NULL;NULL
3333;E1;3333;2018-01-22 05:38:17.403;1;1;291536;9114503;NULL;NULL;NULL;NULL;NULL
3333;E1;3333;2018-01-22 05:39:16.993;1;1;291782;9114222;NULL;NULL;NULL;NULL;NULL
3333;E1;3333;2018-01-22 05:40:16.817;1;1;291790;9114032;NULL;NULL;NULL;NULL;NULL
3333;E1;3333;2018-01-22 05:41:16.440;1;1;291695;9113582;NULL;NULL;NULL;NULL;NULL
3333;E1;3333;2018-01-22 05:42:16.047;1;1;291440;9113299;NULL;NULL;NULL;NULL;NULL
3333;E1;3333;2018-01-22 05:43:16.293;1;1;291243;9112768;NULL;NULL;NULL;NULL;NULL
3333;E1;3333;2018-01-22 05:44:15.057;1;1;291332;9112336;NULL;NULL;NULL;NULL;NULL
3333;E1;3333;2018-01-22 05:45:14.663;1;1;291496;9111543;NULL;NULL;NULL;NULL;NULL
3333;E1;3333;2018-01-22 05:46:14.363;1;1;291568;9111092;NULL;NULL;NULL;NULL;NULL
3333;E1;3333;2018-01-22 05:47:13.987;1;1;291491;9110972;NULL;NULL;NULL;NULL;NULL
3333;E1;3333;2018-01-22 05:48:13.547;1;1;291300;9110653;NULL;NULL;NULL;NULL;NULL
3333;E1;3333;2018-01-22 05:49:13.137;1;1;291543;9110433;NULL;NULL;NULL;NULL;NULL
3333;E1;3333;2018-01-22 05:50:12.710;1;1;291713;9110067;NULL;NULL;NULL;NULL;NULL
3333;E1;3333;2018-01-22 05:51:12.270;1;1;291728;9109262;NULL;NULL;NULL;NULL;NULL
3333;E1;3333;2018-01-22 05:52:12.330;1;0;291728;9109262;NULL;NULL;NULL;NULL;NULL
3333;E1;3333;2018-01-22 05:53:11.563;1;1;292418;9108828;NULL;NULL;NULL;NULL;NULL
3333;E1;3333;2018-01-22 05:54:10.577;1;1;292731;9108699;NULL;NULL;NULL;NULL;NULL
3333;E1;3333;2018-01-22 05:55:10.307;1;1;292996;9108457;NULL;NULL;NULL;NULL;NULL
3333;E1;3333;2018-01-22 05:56:09.850;1;1;293245;9108406;NULL;NULL;NULL;NULL;NULL
3333;E1;3333;2018-01-22 05:57:09.893;1;1;293599;9108508;NULL;NULL;NULL;NULL;NULL
3333;E1;3333;2018-01-22 05:58:08.597;1;0;293599;9108508;NULL;NULL;NULL;NULL;NULL
3333;E1;3333;2018-01-22 05:59:08.203;1;1;293656;9108858;NULL;NULL;NULL;NULL;NULL
3333;E1;3333;2018-01-22 06:00:07.857;1;1;293387;9108167;NULL;NULL;NULL;NULL;NULL
3333;E1;3333;2018-01-22 06:01:07.523;1;1;293145;9108128;NULL;NULL;NULL;NULL;NULL
3333;E1;3333;2018-01-22 06:02:07.287;1;1;292985;9108178;NULL;NULL;NULL;NULL;NULL
3333;E1;3333;2018-01-22 06:03:07.033;1;1;292669;9108357;NULL;NULL;NULL;NULL;NULL
3333;E1;3333;2018-01-22 06:04:06.767;1;1;292776;9108578;NULL;NULL;NULL;NULL;NULL
3333;E1;3333;2018-01-22 06:05:06.467;1;1;292877;9108937;NULL;NULL;NULL;NULL;NULL
3333;E1;3333;2018-01-22 06:06:06.150;1;1;292431;9109210;NULL;NULL;NULL;NULL;NULL
3333;E1;3333;2018-01-22 06:07:05.867;1;1;291858;9109728;NULL;NULL;NULL;NULL;NULL
3333;E1;3333;2018-01-22 06:08:05.613;1;1;291901;9109930;NULL;NULL;NULL;NULL;NULL
3333;E1;3333;2018-01-22 06:09:05.313;1;1;291722;9110125;NULL;NULL;NULL;NULL;NULL
3333;E1;3333;2018-01-22 06:10:05.043;1;1;291486;9110776;NULL;NULL;NULL;NULL;NULL
3333;E1;3333;2018-01-22 06:11:04.773;1;1;291489;9110965;NULL;NULL;NULL;NULL;NULL
3333;E1;3333;2018-01-22 06:12:04.520;1;1;291575;9111213;NULL;NULL;NULL;NULL;NULL
3333;E1;3333;2018-01-22 06:13:04.253;1;1;291479;9111654;NULL;NULL;NULL;NULL;NULL
3333;E1;3333;2018-01-22 06:14:04.017;1;1;291429;9111879;NULL;NULL;NULL;NULL;NULL
3333;E1;3333;2018-01-22 06:15:03.747;1;1;291380;9112139;NULL;NULL;NULL;NULL;NULL
3333;E1;3333;2018-01-22 06:16:03.570;1;1;291361;9112237;NULL;NULL;NULL;NULL;NULL
3333;E1;3333;2018-01-22 06:17:03.410;1;1;291215;9112900;NULL;NULL;NULL;NULL;NULL
3333;E1;3333;2018-01-22 06:18:03.283;1;1;291286;9113118;NULL;NULL;NULL;NULL;NULL
3333;E1;3333;2018-01-22 06:19:03.077;1;1;291682;9113568;NULL;NULL;NULL;NULL;NULL
3333;E1;3333;2018-01-22 06:20:02.917;1;1;291708;9114338;NULL;NULL;NULL;NULL;NULL
3333;E1;3333;2018-01-22 06:21:02.697;1;1;291612;9114439;NULL;NULL;NULL;NULL;NULL
3333;E1;3333;2018-01-22 06:22:02.630;1;1;291128;9114728;NULL;NULL;NULL;NULL;NULL
3333;E1;3333;2018-01-22 06:23:02.470;1;1;290860;9114951;NULL;NULL;NULL;NULL;NULL
3333;E1;3333;2018-01-22 06:24:02.387;1;1;290613;9114672;NULL;NULL;NULL;NULL;NULL
3333;E1;3333;2018-01-22 06:25:02.213;1;0;290613;9114672;NULL;NULL;NULL;NULL;NULL
3333;E1;3333;2018-01-22 06:26:01.990;1;1;289988;9114267;NULL;NULL;NULL;NULL;NULL
3333;E1;3333;2018-01-22 06:27:01.927;1;1;289587;9114320;NULL;NULL;NULL;NULL;NULL
3333;E1;3333;2018-01-22 06:28:01.797;1;1;289244;9114343;NULL;NULL;NULL;NULL;NULL
3333;E1;3333;2018-01-22 06:29:01.667;1;0;289244;9114343;NULL;NULL;NULL;NULL;NULL
3333;E1;3333;2018-01-22 06:30:01.617;1;1;288951;9113692;NULL;NULL;NULL;NULL;NULL
3333;E1;3333;2018-01-22 06:31:01.490;1;0;288951;9113692;NULL;NULL;NULL;NULL;NULL
3333;E1;3333;2018-01-22 06:32:01.563;1;1;289175;9113252;NULL;NULL;NULL;NULL;NULL
3333;E1;3333;2018-01-22 06:33:00.467;1;1;289377;9113141;NULL;NULL;NULL;NULL;NULL
3333;E1;3333;2018-01-22 06:34:00.277;1;1;289144;9113552;NULL;NULL;NULL;NULL;NULL
3333;E1;3333;2018-01-22 06:35:00.040;1;1;289162;9113851;NULL;NULL;NULL;NULL;NULL
3333;E1;3333;2018-01-22 06:35:59.817;1;1;289483;9113832;NULL;NULL;NULL;NULL;NULL
3333;E1;3333;2018-01-22 06:36:59.567;1;0;289483;9113832;NULL;NULL;NULL;NULL;NULL
3333;E1;3333;2018-01-22 06:42:58.217;1;1;289517;9113831;NULL;NULL;NULL;NULL;NULL
3333;E1;3333;2018-01-22 06:43:57.980;1;1;289240;9113886;NULL;NULL;NULL;NULL;NULL
3333;E1;3333;2018-01-22 06:44:57.727;1;1;289117;9113797;NULL;NULL;NULL;NULL;NULL
3333;E1;3333;2018-01-22 06:45:57.473;1;1;289147;9113491;NULL;NULL;NULL;NULL;NULL
3333;E1;3333;2018-01-22 06:46:57.220;1;1;289274;9113197;NULL;NULL;NULL;NULL;NULL
3333;E1;3333;2018-01-22 06:47:57.000;1;1;289084;9113360;NULL;NULL;NULL;NULL;NULL
3333;E1;3333;2018-01-22 06:48:57.167;1;1;289047;9113526;NULL;NULL;NULL;NULL;NULL
3333;E1;3333;2018-01-22 06:49:56.010;1;1;289048;9113525;NULL;NULL;NULL;NULL;NULL
3333;E1;3333;2018-01-22 06:50:55.770;1;1;288954;9113710;NULL;NULL;NULL;NULL;NULL
3333;E1;3333;2018-01-22 06:51:55.567;1;1;289009;9113997;NULL;NULL;NULL;NULL;NULL
3333;E1;3333;2018-01-22 06:52:55.500;1;1;289193;9114301;NULL;NULL;NULL;NULL;NULL
3333;E1;3333;2018-01-22 06:53:54.420;1;1;289285;9114356;NULL;NULL;NULL;NULL;NULL
3333;E1;3333;2018-01-22 06:54:54.167;1;1;289594;9114319;NULL;NULL;NULL;NULL;NULL
3333;E1;3333;2018-01-22 06:55:53.943;1;1;289715;9114312;NULL;NULL;NULL;NULL;NULL
3333;E1;3333;2018-01-22 06:56:53.737;1;1;290105;9114276;NULL;NULL;NULL;NULL;NULL
3333;E1;3333;2018-01-22 06:57:53.453;1;1;290237;9114347;NULL;NULL;NULL;NULL;NULL
3333;E1;3333;2018-01-22 06:58:53.277;1;1;290496;9114546;NULL;NULL;NULL;NULL;NULL
3333;E1;3333;2018-01-22 06:59:53.027;1;1;290758;9114853;NULL;NULL;NULL;NULL;NULL
3333;E1;3333;2018-01-22 07:00:52.757;1;1;290924;9114740;NULL;NULL;NULL;NULL;NULL
3333;E1;3333;2018-01-22 07:01:52.550;1;1;291310;9114652;NULL;NULL;NULL;NULL;NULL
3333;E1;3333;2018-01-22 07:02:52.377;1;1;291518;9114520;NULL;NULL;NULL;NULL;NULL
3333;E1;3333;2018-01-22 07:03:52.107;1;1;291652;9114393;NULL;NULL;NULL;NULL;NULL
3333;E1;3333;2018-01-22 07:04:51.823;1;1;291791;9114172;NULL;NULL;NULL;NULL;NULL
3333;E1;3333;2018-01-22 07:05:51.583;1;1;291714;9113612;NULL;NULL;NULL;NULL;NULL
3333;E1;3333;2018-01-22 07:06:51.613;1;1;291494;9113366;NULL;NULL;NULL;NULL;NULL
3333;E1;3333;2018-01-22 07:07:51.327;1;1;291332;9113182;NULL;NULL;NULL;NULL;NULL
3333;E1;3333;2018-01-22 07:08:51.013;1;1;291260;9113112;NULL;NULL;NULL;NULL;NULL
3333;E1;3333;2018-01-22 07:09:50.713;1;1;291206;9113060;NULL;NULL;NULL;NULL;NULL
3333;E1;3333;2018-01-22 07:10:50.413;1;1;291241;9112773;NULL;NULL;NULL;NULL;NULL
3333;E1;3333;2018-01-22 07:11:50.127;1;1;291324;9112376;NULL;NULL;NULL;NULL;NULL
3333;E1;3333;2018-01-22 07:12:49.890;1;1;291369;9112173;NULL;NULL;NULL;NULL;NULL
3333;E1;3333;2018-01-22 07:13:49.683;1;0;291369;9112173;NULL;NULL;NULL;NULL;NULL
3333;E1;3333;2018-01-22 07:14:49.430;1;1;291516;9111467;NULL;NULL;NULL;NULL;NULL
3333;E1;3333;2018-01-22 07:15:49.147;1;1;291580;9111120;NULL;NULL;NULL;NULL;NULL
3333;E1;3333;2018-01-22 07:16:48.957;1;1;291539;9111052;NULL;NULL;NULL;NULL;NULL
3333;E1;3333;2018-01-22 07:17:48.687;1;1;291491;9110978;NULL;NULL;NULL;NULL;NULL
3333;E1;3333;2018-01-22 07:18:48.387;1;1;291460;9110893;NULL;NULL;NULL;NULL;NULL
3333;E1;3333;2018-01-22 07:19:48.133;1;1;291313;9110669;NULL;NULL;NULL;NULL;NULL
3333;E1;3333;2018-01-22 07:20:47.913;1;1;291344;9110594;NULL;NULL;NULL;NULL;NULL
3333;E1;3333;2018-01-22 07:21:47.690;1;1;291359;9110583;NULL;NULL;NULL;NULL;NULL
3333;E1;3333;2018-01-22 07:22:47.437;1;1;291533;9110438;NULL;NULL;NULL;NULL;NULL
3333;E1;3333;2018-01-22 07:23:47.153;1;1;291708;9110113;NULL;NULL;NULL;NULL;NULL
3333;E1;3333;2018-01-22 07:24:46.900;1;1;291710;9109728;NULL;NULL;NULL;NULL;NULL
3333;E1;3333;2018-01-22 07:25:46.617;1;1;291708;9109574;NULL;NULL;NULL;NULL;NULL
3333;E1;3333;2018-01-22 07:26:46.363;1;1;291716;9109364;NULL;NULL;NULL;NULL;NULL
3333;E1;3333;2018-01-22 07:27:46.077;1;1;291728;9109265;NULL;NULL;NULL;NULL;NULL
3333;E1;3333;2018-01-22 07:28:45.997;1;1;292095;9108976;NULL;NULL;NULL;NULL;NULL
3333;E1;3333;2018-01-22 07:29:45.743;1;1;292166;9108929;NULL;NULL;NULL;NULL;NULL
3333;E1;3333;2018-01-22 07:30:45.817;1;1;292511;9108833;NULL;NULL;NULL;NULL;NULL
3333;E1;3333;2018-01-22 07:31:45.423;1;1;292734;9108699;NULL;NULL;NULL;NULL;NULL
3333;E1;3333;2018-01-22 07:32:45.047;1;1;292827;9108639;NULL;NULL;NULL;NULL;NULL
3333;E1;3333;2018-01-22 07:33:44.840;1;1;293015;9108450;NULL;NULL;NULL;NULL;NULL
3333;E1;3333;2018-01-22 07:34:44.493;1;1;293150;9108303;NULL;NULL;NULL;NULL;NULL
3333;E1;3333;2018-01-22 07:35:44.113;1;1;293161;9108171;NULL;NULL;NULL;NULL;NULL
3333;E1;3333;2018-01-22 07:36:43.877;1;1;293010;9108169;NULL;NULL;NULL;NULL;NULL
3333;E1;3333;2018-01-22 07:37:43.577;1;1;292819;9108277;NULL;NULL;NULL;NULL;NULL
3333;E1;3333;2018-01-22 07:38:43.293;1;1;292705;9108469;NULL;NULL;NULL;NULL;NULL
3333;E1;3333;2018-01-22 07:39:42.180;1;1;292807;9108633;NULL;NULL;NULL;NULL;NULL
3333;E1;3333;2018-01-22 07:40:41.927;1;1;292815;9108639;NULL;NULL;NULL;NULL;NULL
3333;E1;3333;2018-01-22 07:41:41.957;1;1;292845;9108957;NULL;NULL;NULL;NULL;NULL
3333;E1;3333;2018-01-22 07:42:41.343;1;1;292724;9109035;NULL;NULL;NULL;NULL;NULL
3333;E1;3333;2018-01-22 07:43:40.887;1;0;292724;9109035;NULL;NULL;NULL;NULL;NULL
3333;E1;3333;2018-01-22 07:46:29.897;0;0;0;0;NULL;NULL;NULL;NULL;NULL
3333;E1;3333;2018-01-22 07:47:23.997;1;1;291951;9109831;NULL;NULL;NULL;NULL;NULL
3333;E1;3333;2018-01-22 07:48:22.853;1;1;291765;9109943;NULL;NULL;NULL;NULL;NULL
3333;E1;3333;2018-01-22 07:49:22.413;1;1;291693;9110340;NULL;NULL;NULL;NULL;NULL
3333;E1;3333;2018-01-22 07:50:21.987;1;1;291568;9110613;NULL;NULL;NULL;NULL;NULL
3333;E1;3333;2018-01-22 07:51:21.517;1;1;291530;9110707;NULL;NULL;NULL;NULL;NULL
3333;E1;3333;2018-01-22 07:52:21.090;1;1;291553;9111054;NULL;NULL;NULL;NULL;NULL
3333;E1;3333;2018-01-22 07:53:20.637;1;1;291592;9111126;NULL;NULL;NULL;NULL;NULL
3333;E1;3333;2018-01-22 07:54:20.197;1;1;291575;9111203;NULL;NULL;NULL;NULL;NULL
3333;E1;3333;2018-01-22 07:55:19.817;1;1;291437;9111841;NULL;NULL;NULL;NULL;NULL
3333;E1;3333;2018-01-22 07:56:19.393;1;1;291397;9112056;NULL;NULL;NULL;NULL;NULL
3333;E1;3333;2018-01-22 07:57:18.983;1;1;291388;9112098;NULL;NULL;NULL;NULL;NULL
3333;E1;3333;2018-01-22 07:58:18.557;1;1;291303;9112517;NULL;NULL;NULL;NULL;NULL
3333;E1;3333;2018-01-22 07:59:18.133;1;1;291215;9112904;NULL;NULL;NULL;NULL;NULL
3333;E1;3333;2018-01-22 08:00:17.710;1;0;291215;9112904;NULL;NULL;NULL;NULL;NULL
3333;E1;3333;2018-01-22 08:01:17.330;1;1;291645;9113529;NULL;NULL;NULL;NULL;NULL
3333;E1;3333;2018-01-22 08:02:16.953;1;1;291799;9114157;NULL;NULL;NULL;NULL;NULL
3333;E1;3333;2018-01-22 08:03:16.577;1;1;291627;9114428;NULL;NULL;NULL;NULL;NULL
3333;E1;3333;2018-01-22 08:04:16.197;1;1;291274;9114713;NULL;NULL;NULL;NULL;NULL
3333;E1;3333;2018-01-22 08:05:15.837;1;1;290928;9114741;NULL;NULL;NULL;NULL;NULL
3333;E1;3333;2018-01-22 08:06:15.503;1;1;290839;9114930;NULL;NULL;NULL;NULL;NULL
3333;E1;3333;2018-01-22 08:07:15.237;1;1;290660;9114784;NULL;NULL;NULL;NULL;NULL
3333;E1;3333;2018-01-22 08:08:14.937;1;1;290389;9114496;NULL;NULL;NULL;NULL;NULL
3333;E1;3333;2018-01-22 08:09:14.573;1;1;289968;9114265;NULL;NULL;NULL;NULL;NULL
3333;E1;3333;2018-01-22 08:10:14.383;1;1;289538;9114322;NULL;NULL;NULL;NULL;NULL
3333;E1;3333;2018-01-22 08:11:14.067;1;1;289193;9114305;NULL;NULL;NULL;NULL;NULL
3333;E1;3333;2018-01-22 08:12:13.720;1;1;288981;9113945;NULL;NULL;NULL;NULL;NULL
3333;E1;3333;2018-01-22 08:13:13.403;1;1;289071;9113425;NULL;NULL;NULL;NULL;NULL
3333;E1;3333;2018-01-22 08:14:13.087;1;1;289306;9113216;NULL;NULL;NULL;NULL;NULL
3333;E1;3333;2018-01-22 08:15:12.757;1;1;289144;9113573;NULL;NULL;NULL;NULL;NULL
3333;E1;3333;2018-01-22 08:16:12.723;1;1;289119;9113817;NULL;NULL;NULL;NULL;NULL
3333;E1;3333;2018-01-22 08:17:12.423;1;1;289260;9113820;NULL;NULL;NULL;NULL;NULL
3333;E1;3333;2018-01-22 08:18:12.123;1;1;289544;9113820;NULL;NULL;NULL;NULL;NULL
3333;E1;3333;2018-01-22 08:19:11.823;1;1;289577;9113803;NULL;NULL;NULL;NULL;NULL
3333;E1;3333;2018-01-22 08:20:11.803;1;1;289538;9113813;NULL;NULL;NULL;NULL;NULL
3333;E1;3333;2018-01-22 08:21:11.487;1;0;289538;9113813;NULL;NULL;NULL;NULL;NULL
3333;E1;3333;2018-01-22 08:27:09.720;1;1;289557;9113806;NULL;NULL;NULL;NULL;NULL
3333;E1;3333;2018-01-22 08:28:09.420;1;0;289557;9113806;NULL;NULL;NULL;NULL;NULL
3333;E1;3333;2018-01-22 09:22:42.640;1;1;289551;9113811;NULL;NULL;NULL;NULL;NULL
3333;E1;3333;2018-01-22 09:23:41.463;1;1;289355;9113774;NULL;NULL;NULL;NULL;NULL
3333;E1;3333;2018-01-22 09:24:41.800;1;1;289298;9113799;NULL;NULL;NULL;NULL;NULL
3333;E1;3333;2018-01-22 09:25:41.327;1;1;289217;9113892;NULL;NULL;NULL;NULL;NULL
3333;E1;3333;2018-01-22 09:26:40.737;1;1;289110;9113817;NULL;NULL;NULL;NULL;NULL
3333;E1;3333;2018-01-22 09:27:40.260;1;1;289140;9113655;NULL;NULL;NULL;NULL;NULL
3333;E1;3333;2018-01-22 09:28:39.410;1;1;289284;9113193;NULL;NULL;NULL;NULL;NULL
3333;E1;3333;2018-01-22 09:29:39.270;1;1;289086;9113348;NULL;NULL;NULL;NULL;NULL
3333;E1;3333;2018-01-22 09:30:39.230;1;1;288955;9113661;NULL;NULL;NULL;NULL;NULL
3333;E1;3333;2018-01-22 09:31:38.353;1;1;288978;9113937;NULL;NULL;NULL;NULL;NULL
3333;E1;3333;2018-01-22 09:32:38.427;1;1;289234;9114337;NULL;NULL;NULL;NULL;NULL
3333;E1;3333;2018-01-22 09:33:37.987;1;1;289403;9114359;NULL;NULL;NULL;NULL;NULL
3333;E1;3333;2018-01-22 09:34:37.580;1;1;289715;9114310;NULL;NULL;NULL;NULL;NULL
3333;E1;3333;2018-01-22 09:35:37.153;1;1;290036;9114267;NULL;NULL;NULL;NULL;NULL
3333;E1;3333;2018-01-22 09:36:36.683;1;1;290265;9114376;NULL;NULL;NULL;NULL;NULL
3333;E1;3333;2018-01-22 09:37:36.257;1;1;290493;9114542;NULL;NULL;NULL;NULL;NULL
3333;E1;3333;2018-01-22 09:38:35.943;1;1;290627;9114729;NULL;NULL;NULL;NULL;NULL
3333;E1;3333;2018-01-22 09:39:35.237;1;1;290904;9114770;NULL;NULL;NULL;NULL;NULL
3333;E1;3333;2018-01-22 09:40:34.547;1;1;291178;9114736;NULL;NULL;NULL;NULL;NULL
3333;E1;3333;2018-01-22 09:41:34.310;1;1;291454;9114555;NULL;NULL;NULL;NULL;NULL
3333;E1;3333;2018-01-22 09:42:33.683;1;1;291736;9114292;NULL;NULL;NULL;NULL;NULL
3333;E1;3333;2018-01-22 09:43:33.320;1;0;291736;9114292;NULL;NULL;NULL;NULL;NULL
3333;E1;3333;2018-01-22 09:44:32.897;1;1;291748;9113789;NULL;NULL;NULL;NULL;NULL
3333;E1;3333;2018-01-22 09:45:32.597;1;1;291660;9113547;NULL;NULL;NULL;NULL;NULL
3333;E1;3333;2018-01-22 09:46:32.123;1;1;291374;9113225;NULL;NULL;NULL;NULL;NULL
3333;E1;3333;2018-01-22 09:47:31.683;1;1;291275;9113120;NULL;NULL;NULL;NULL;NULL
3333;E1;3333;2018-01-22 09:48:31.383;1;1;291235;9113078;NULL;NULL;NULL;NULL;NULL
3333;E1;3333;2018-01-22 09:49:31.347;1;1;291289;9112541;NULL;NULL;NULL;NULL;NULL
3333;E1;3333;2018-01-22 09:50:31.033;1;1;291353;9112224;NULL;NULL;NULL;NULL;NULL
3333;E1;3333;2018-01-22 09:51:30.047;1;1;291427;9111855;NULL;NULL;NULL;NULL;NULL
3333;E1;3333;2018-01-22 09:52:30.747;1;1;291497;9111531;NULL;NULL;NULL;NULL;NULL
3333;E1;3333;2018-01-22 09:53:30.447;1;1;291555;9111247;NULL;NULL;NULL;NULL;NULL
3333;E1;3333;2018-01-22 09:54:30.067;1;1;291578;9111120;NULL;NULL;NULL;NULL;NULL
3333;E1;3333;2018-01-22 09:55:29.860;1;1;291524;9111028;NULL;NULL;NULL;NULL;NULL
3333;E1;3333;2018-01-22 09:56:29.593;1;1;291519;9110995;NULL;NULL;NULL;NULL;NULL
3333;E1;3333;2018-01-22 09:57:29.587;1;1;291406;9110770;NULL;NULL;NULL;NULL;NULL
3333;E1;3333;2018-01-22 09:58:28.680;1;0;291406;9110770;NULL;NULL;NULL;NULL;NULL
3333;E1;3333;2018-01-22 09:59:27.583;1;1;291704;9110138;NULL;NULL;NULL;NULL;NULL
3333;E1;3333;2018-01-22 10:00:27.720;1;1;291712;9109771;NULL;NULL;NULL;NULL;NULL
3333;E1;3333;2018-01-22 10:01:26.470;1;1;291702;9109597;NULL;NULL;NULL;NULL;NULL
3333;E1;3333;2018-01-22 10:02:26.527;1;1;291727;9109277;NULL;NULL;NULL;NULL;NULL
3333;E1;3333;2018-01-22 10:03:25.667;1;1;291924;9109066;NULL;NULL;NULL;NULL;NULL
3333;E1;3333;2018-01-22 10:04:24.493;1;1;292140;9108949;NULL;NULL;NULL;NULL;NULL
3333;E1;3333;2018-01-22 10:05:24.427;1;1;292244;9108895;NULL;NULL;NULL;NULL;NULL
3333;E1;3333;2018-01-22 10:06:23.723;1;1;292439;9108833;NULL;NULL;NULL;NULL;NULL
3333;E1;3333;2018-01-22 10:07:23.377;1;1;292759;9108680;NULL;NULL;NULL;NULL;NULL
3333;E1;3333;2018-01-22 10:08:23.340;1;1;292993;9108456;NULL;NULL;NULL;NULL;NULL
3333;E1;3333;2018-01-22 10:09:22.777;1;1;293144;9108425;NULL;NULL;NULL;NULL;NULL
3333;E1;3333;2018-01-22 10:10:22.647;1;1;293448;9108352;NULL;NULL;NULL;NULL;NULL
3333;E1;3333;2018-01-22 10:11:22.020;1;1;293618;9108542;NULL;NULL;NULL;NULL;NULL
3333;E1;3333;2018-01-22 10:12:21.297;1;1;293710;9109197;NULL;NULL;NULL;NULL;NULL
3333;E1;3333;2018-01-22 10:13:20.547;1;1;293729;9109317;NULL;NULL;NULL;NULL;NULL
3333;E1;3333;2018-01-22 10:14:20.230;1;1;293645;9108819;NULL;NULL;NULL;NULL;NULL
3333;E1;3333;2018-01-22 10:15:19.867;1;1;293512;9108388;NULL;NULL;NULL;NULL;NULL
3333;E1;3333;2018-01-22 10:16:18.943;1;1;293342;9108159;NULL;NULL;NULL;NULL;NULL
3333;E1;3333;2018-01-22 10:17:18.690;1;1;293256;9108139;NULL;NULL;NULL;NULL;NULL
3333;E1;3333;2018-01-22 10:18:18.610;1;1;293020;9108158;NULL;NULL;NULL;NULL;NULL
3333;E1;3333;2018-01-22 10:19:18.183;1;1;292986;9108135;NULL;NULL;NULL;NULL;NULL
3333;E1;3333;2018-01-22 10:20:17.557;1;1;292815;9108254;NULL;NULL;NULL;NULL;NULL
3333;E1;3333;2018-01-22 10:21:17.197;1;1;292669;9108352;NULL;NULL;NULL;NULL;NULL
3333;E1;3333;2018-01-22 10:22:16.693;1;1;292771;9108564;NULL;NULL;NULL;NULL;NULL
3333;E1;3333;2018-01-22 10:23:15.830;1;1;292798;9108619;NULL;NULL;NULL;NULL;NULL
3333;E1;3333;2018-01-22 10:24:15.327;1;1;292863;9108949;NULL;NULL;NULL;NULL;NULL
3333;E1;3333;2018-01-22 10:25:14.887;1;1;292386;9109236;NULL;NULL;NULL;NULL;NULL
3333;E1;3333;2018-01-22 10:26:14.447;1;1;292237;9109334;NULL;NULL;NULL;NULL;NULL
3333;E1;3333;2018-01-22 10:27:13.570;1;1;292227;9109340;NULL;NULL;NULL;NULL;NULL
3333;E1;3333;2018-01-22 10:28:14.033;1;1;291893;9109581;NULL;NULL;NULL;NULL;NULL
3333;E1;3333;2018-01-22 10:29:13.313;1;1;291905;9109924;NULL;NULL;NULL;NULL;NULL
3333;E1;3333;2018-01-22 10:30:12.857;1;1;291723;9110091;NULL;NULL;NULL;NULL;NULL
3333;E1;3333;2018-01-22 10:31:12.370;1;1;291610;9110530;NULL;NULL;NULL;NULL;NULL
3333;E1;3333;2018-01-22 10:32:11.993;1;1;291572;9110630;NULL;NULL;NULL;NULL;NULL
3333;E1;3333;2018-01-22 10:33:11.660;1;1;291462;9110887;NULL;NULL;NULL;NULL;NULL
3333;E1;3333;2018-01-22 10:34:11.110;1;1;291558;9111060;NULL;NULL;NULL;NULL;NULL
3333;E1;3333;2018-01-22 10:35:09.970;1;1;291589;9111097;NULL;NULL;NULL;NULL;NULL
3333;E1;3333;2018-01-22 10:36:10.480;1;1;291574;9111215;NULL;NULL;NULL;NULL;NULL
3333;E1;3333;2018-01-22 10:37:10.167;1;1;291516;9111488;NULL;NULL;NULL;NULL;NULL
3333;E1;3333;2018-01-22 10:38:09.803;1;1;291450;9111797;NULL;NULL;NULL;NULL;NULL
3333;E1;3333;2018-01-22 10:39:09.503;1;1;291388;9112104;NULL;NULL;NULL;NULL;NULL
3333;E1;3333;2018-01-22 10:40:08.983;1;1;291304;9112506;NULL;NULL;NULL;NULL;NULL
3333;E1;3333;2018-01-22 10:41:08.450;1;1;291220;9112888;NULL;NULL;NULL;NULL;NULL
3333;E1;3333;2018-01-22 10:42:07.963;1;1;291205;9113051;NULL;NULL;NULL;NULL;NULL
3333;E1;3333;2018-01-22 10:43:07.523;1;1;291355;9113196;NULL;NULL;NULL;NULL;NULL
3333;E1;3333;2018-01-22 10:44:07.177;1;1;291610;9113486;NULL;NULL;NULL;NULL;NULL
3333;E1;3333;2018-01-22 10:45:06.847;1;1;291739;9113622;NULL;NULL;NULL;NULL;NULL
3333;E1;3333;2018-01-22 10:46:06.420;1;1;291800;9114111;NULL;NULL;NULL;NULL;NULL
3333;E1;3333;2018-01-22 10:47:05.277;1;1;291722;9114319;NULL;NULL;NULL;NULL;NULL
3333;E1;3333;2018-01-22 10:48:05.743;1;1;291613;9114442;NULL;NULL;NULL;NULL;NULL
3333;E1;3333;2018-01-22 10:49:05.380;1;1;291381;9114592;NULL;NULL;NULL;NULL;NULL
3333;E1;3333;2018-01-22 10:50:04.720;1;1;290922;9114754;NULL;NULL;NULL;NULL;NULL
3333;E1;3333;2018-01-22 10:51:04.327;1;1;290854;9114918;NULL;NULL;NULL;NULL;NULL
3333;E1;3333;2018-01-22 10:52:03.997;1;1;290742;9114844;NULL;NULL;NULL;NULL;NULL
3333;E1;3333;2018-01-22 10:53:03.527;1;1;290741;9114845;NULL;NULL;NULL;NULL;NULL
3333;E1;3333;2018-01-22 10:54:02.493;1;1;290608;9114669;NULL;NULL;NULL;NULL;NULL
3333;E1;3333;2018-01-22 10:55:02.987;1;1;290387;9114495;NULL;NULL;NULL;NULL;NULL
3333;E1;3333;2018-01-22 10:56:02.000;1;1;290081;9114272;NULL;NULL;NULL;NULL;NULL
3333;E1;3333;2018-01-22 10:57:01.857;1;1;289678;9114316;NULL;NULL;NULL;NULL;NULL
3333;E1;3333;2018-01-22 10:58:01.667;1;1;289376;9114370;NULL;NULL;NULL;NULL;NULL
3333;E1;3333;2018-01-22 10:59:01.570;1;1;289187;9114299;NULL;NULL;NULL;NULL;NULL
3333;E1;3333;2018-01-22 11:00:02.580;1;1;288990;9113963;NULL;NULL;NULL;NULL;NULL
3333;E1;3333;2018-01-22 11:01:00.767;1;0;288990;9113963;NULL;NULL;NULL;NULL;NULL
3333;E1;3333;2018-01-22 11:02:00.123;1;1;288969;9113917;NULL;NULL;NULL;NULL;NULL
3333;E1;3333;2018-01-22 11:03:00.027;1;1;289082;9113364;NULL;NULL;NULL;NULL;NULL
3333;E1;3333;2018-01-22 11:03:59.727;1;1;289194;9113227;NULL;NULL;NULL;NULL;NULL
3333;E1;3333;2018-01-22 11:04:58.553;1;1;289379;9113138;NULL;NULL;NULL;NULL;NULL
3333;E1;3333;2018-01-22 11:05:58.410;1;1;289157;9113369;NULL;NULL;NULL;NULL;NULL
3333;E1;3333;2018-01-22 11:06:58.123;1;1;289117;9113813;NULL;NULL;NULL;NULL;NULL
3333;E1;3333;2018-01-22 11:07:58.340;1;1;289304;9113792;NULL;NULL;NULL;NULL;NULL
3333;E1;3333;2018-01-22 11:08:57.447;1;1;289542;9113819;NULL;NULL;NULL;NULL;NULL
3333;E1;3333;2018-01-22 11:09:56.397;1;1;289565;9113823;NULL;NULL;NULL;NULL;NULL
3333;E1;3333;2018-01-22 11:10:56.723;1;1;289534;9113813;NULL;NULL;NULL;NULL;NULL
3333;E1;3333;2018-01-22 11:11:56.250;1;1;289539;9113809;NULL;NULL;NULL;NULL;NULL
3333;E1;3333;2018-01-22 11:12:55.390;1;0;289539;9113809;NULL;NULL;NULL;NULL;NULL
3333;E1;3333;2018-01-22 11:31:49.367;1;1;289537;9113813;NULL;NULL;NULL;NULL;NULL
3333;E1;3333;2018-01-22 11:32:48.180;1;1;289330;9113782;NULL;NULL;NULL;NULL;NULL
3333;E1;3333;2018-01-22 11:33:48.427;1;1;289240;9113883;NULL;NULL;NULL;NULL;NULL
3333;E1;3333;2018-01-22 11:34:47.937;1;1;289180;9113873;NULL;NULL;NULL;NULL;NULL
3333;E1;3333;2018-01-22 11:35:47.587;1;1;289143;9113697;NULL;NULL;NULL;NULL;NULL
3333;E1;3333;2018-01-22 11:36:46.430;1;1;289223;9113265;NULL;NULL;NULL;NULL;NULL
3333;E1;3333;2018-01-22 11:37:46.417;1;1;289171;9113257;NULL;NULL;NULL;NULL;NULL
3333;E1;3333;2018-01-22 11:38:45.297;1;1;288998;9113566;NULL;NULL;NULL;NULL;NULL
3333;E1;3333;2018-01-22 11:39:46.020;1;1;289057;9114101;NULL;NULL;NULL;NULL;NULL
3333;E1;3333;2018-01-22 11:40:45.217;1;1;289505;9114327;NULL;NULL;NULL;NULL;NULL
3333;E1;3333;2018-01-22 11:41:45.330;1;1;289817;9114290;NULL;NULL;NULL;NULL;NULL
3333;E1;3333;2018-01-22 11:42:43.530;1;1;290109;9114277;NULL;NULL;NULL;NULL;NULL
3333;E1;3333;2018-01-22 11:43:43.277;1;1;290497;9114546;NULL;NULL;NULL;NULL;NULL
3333;E1;3333;2018-01-22 11:44:43.627;1;1;290657;9114778;NULL;NULL;NULL;NULL;NULL
3333;E1;3333;2018-01-22 11:45:43.297;1;1;290907;9114765;NULL;NULL;NULL;NULL;NULL
3333;E1;3333;2018-01-22 11:46:42.213;1;1;291274;9114702;NULL;NULL;NULL;NULL;NULL
3333;E1;3333;2018-01-22 11:47:42.147;1;1;291439;9114562;NULL;NULL;NULL;NULL;NULL
3333;E1;3333;2018-01-22 11:48:42.080;1;1;291663;9114383;NULL;NULL;NULL;NULL;NULL
3333;E1;3333;2018-01-22 11:49:42.683;1;1;291778;9114216;NULL;NULL;NULL;NULL;NULL
3333;E1;3333;2018-01-22 11:50:41.883;1;1;291790;9114080;NULL;NULL;NULL;NULL;NULL
3333;E1;3333;2018-01-22 11:51:41.490;1;1;291606;9113492;NULL;NULL;NULL;NULL;NULL
3333;E1;3333;2018-01-22 11:52:40.923;1;1;291485;9113357;NULL;NULL;NULL;NULL;NULL
3333;E1;3333;2018-01-22 11:53:40.247;1;1;291351;9113204;NULL;NULL;NULL;NULL;NULL
3333;E1;3333;2018-01-22 11:54:39.167;1;1;291217;9113067;NULL;NULL;NULL;NULL;NULL
3333;E1;3333;2018-01-22 11:55:39.133;1;1;291191;9112990;NULL;NULL;NULL;NULL;NULL
3333;E1;3333;2018-01-22 11:56:39.333;1;1;291262;9112661;NULL;NULL;NULL;NULL;NULL
3333;E1;3333;2018-01-22 11:57:38.703;1;1;291318;9112401;NULL;NULL;NULL;NULL;NULL
3333;E1;3333;2018-01-22 11:58:38.840;1;1;291356;9112201;NULL;NULL;NULL;NULL;NULL
3333;E1;3333;2018-01-22 11:59:36.917;1;1;291414;9111943;NULL;NULL;NULL;NULL;NULL
3333;E1;3333;2018-01-22 12:00:37.553;1;1;291514;9111462;NULL;NULL;NULL;NULL;NULL
3333;E1;3333;2018-01-22 12:01:36.850;1;1;291568;9111194;NULL;NULL;NULL;NULL;NULL
3333;E1;3333;2018-01-22 12:02:35.753;1;1;291569;9111176;NULL;NULL;NULL;NULL;NULL
3333;E1;3333;2018-01-22 12:03:36.310;1;1;291570;9111163;NULL;NULL;NULL;NULL;NULL
3333;E1;3333;2018-01-22 12:04:35.810;1;1;291577;9111135;NULL;NULL;NULL;NULL;NULL
3333;E1;3333;2018-01-22 12:05:34.730;1;1;291575;9111114;NULL;NULL;NULL;NULL;NULL
3333;E1;3333;2018-01-22 12:06:35.333;1;1;291571;9111102;NULL;NULL;NULL;NULL;NULL
3333;E1;3333;2018-01-22 12:07:34.270;1;1;291565;9111090;NULL;NULL;NULL;NULL;NULL
3333;E1;3333;2018-01-22 12:08:34.873;1;1;291552;9111073;NULL;NULL;NULL;NULL;NULL
3333;E1;3333;2018-01-22 12:09:33.780;1;1;291531;9111033;NULL;NULL;NULL;NULL;NULL
3333;E1;3333;2018-01-22 12:10:33.870;1;1;291531;9111028;NULL;NULL;NULL;NULL;NULL
3333;E1;3333;2018-01-22 12:11:32.820;1;1;291510;9110999;NULL;NULL;NULL;NULL;NULL
3333;E1;3333;2018-01-22 12:12:33.347;1;1;291485;9110953;NULL;NULL;NULL;NULL;NULL
3333;E1;3333;2018-01-22 12:13:32.237;1;1;291447;9110813;NULL;NULL;NULL;NULL;NULL
3333;E1;3333;2018-01-22 12:14:32.777;1;1;291415;9110779;NULL;NULL;NULL;NULL;NULL
3333;E1;3333;2018-01-22 12:15:32.430;1;1;291388;9110749;NULL;NULL;NULL;NULL;NULL
3333;E1;3333;2018-01-22 12:16:31.837;1;1;291332;9110688;NULL;NULL;NULL;NULL;NULL
3333;E1;3333;2018-01-22 12:17:30.647;1;1;291323;9110681;NULL;NULL;NULL;NULL;NULL
3333;E1;3333;2018-01-22 12:18:30.987;1;1;291432;9110527;NULL;NULL;NULL;NULL;NULL
3333;E1;3333;2018-01-22 12:19:30.560;1;1;291704;9110175;NULL;NULL;NULL;NULL;NULL
3333;E1;3333;2018-01-22 12:20:30.183;1;1;291719;9109822;NULL;NULL;NULL;NULL;NULL
3333;E1;3333;2018-01-22 12:21:29.557;1;1;291710;9109399;NULL;NULL;NULL;NULL;NULL
3333;E1;3333;2018-01-22 12:22:28.757;1;1;291807;9109138;NULL;NULL;NULL;NULL;NULL
3333;E1;3333;2018-01-22 12:23:27.863;1;0;291807;9109138;NULL;NULL;NULL;NULL;NULL
3333;E1;3333;2018-01-22 12:24:27.500;1;1;292161;9108936;NULL;NULL;NULL;NULL;NULL
3333;E1;3333;2018-01-22 12:25:27.030;1;1;292418;9108831;NULL;NULL;NULL;NULL;NULL
3333;E1;3333;2018-01-22 12:26:26.557;1;1;292569;9108805;NULL;NULL;NULL;NULL;NULL
3333;E1;3333;2018-01-22 12:27:25.323;1;1;292656;9108749;NULL;NULL;NULL;NULL;NULL
3333;E1;3333;2018-01-22 12:28:25.350;1;1;292708;9108712;NULL;NULL;NULL;NULL;NULL
3333;E1;3333;2018-01-22 12:29:24.473;1;1;292790;9108662;NULL;NULL;NULL;NULL;NULL
3333;E1;3333;2018-01-22 12:30:23.300;1;1;292945;9108471;NULL;NULL;NULL;NULL;NULL
3333;E1;3333;2018-01-22 12:31:23.123;1;1;293038;9108451;NULL;NULL;NULL;NULL;NULL
3333;E1;3333;2018-01-22 12:32:22.857;1;0;293038;9108451;NULL;NULL;NULL;NULL;NULL
3333;E1;3333;2018-01-22 12:33:23.273;1;1;293615;9108530;NULL;NULL;NULL;NULL;NULL
3333;E1;3333;2018-01-22 12:34:22.083;1;1;293631;9108675;NULL;NULL;NULL;NULL;NULL
3333;E1;3333;2018-01-22 12:35:22.050;1;1;293540;9108424;NULL;NULL;NULL;NULL;NULL
3333;E1;3333;2018-01-22 12:36:21.030;1;1;293380;9108168;NULL;NULL;NULL;NULL;NULL
3333;E1;3333;2018-01-22 12:37:20.747;1;1;293246;9108143;NULL;NULL;NULL;NULL;NULL
3333;E1;3333;2018-01-22 12:38:20.557;1;1;293057;9108137;NULL;NULL;NULL;NULL;NULL
3333;E1;3333;2018-01-22 12:39:20.397;1;1;293017;9108163;NULL;NULL;NULL;NULL;NULL
3333;E1;3333;2018-01-22 12:40:20.143;1;1;292861;9108240;NULL;NULL;NULL;NULL;NULL
3333;E1;3333;2018-01-22 12:41:19.907;1;1;292691;9108453;NULL;NULL;NULL;NULL;NULL
3333;E1;3333;2018-01-22 12:42:20.027;1;1;292778;9108584;NULL;NULL;NULL;NULL;NULL
3333;E1;3333;2018-01-22 12:43:18.777;1;1;292937;9108841;NULL;NULL;NULL;NULL;NULL
3333;E1;3333;2018-01-22 12:44:18.600;1;1;292861;9108946;NULL;NULL;NULL;NULL;NULL
3333;E1;3333;2018-01-22 12:45:19.127;1;1;292609;9109112;NULL;NULL;NULL;NULL;NULL
3333;E1;3333;2018-01-22 12:46:18.733;1;1;292581;9109127;NULL;NULL;NULL;NULL;NULL
3333;E1;3333;2018-01-22 12:47:18.357;1;1;292147;9109393;NULL;NULL;NULL;NULL;NULL
3333;E1;3333;2018-01-22 12:48:17.510;1;1;291887;9109763;NULL;NULL;NULL;NULL;NULL
3333;E1;3333;2018-01-22 12:49:16.337;1;1;291905;9109925;NULL;NULL;NULL;NULL;NULL
3333;E1;3333;2018-01-22 12:50:16.473;1;1;291716;9110161;NULL;NULL;NULL;NULL;NULL
3333;E1;3333;2018-01-22 12:51:15.567;1;1;291686;9110355;NULL;NULL;NULL;NULL;NULL
3333;E1;3333;2018-01-22 12:52:15.063;1;1;291629;9110505;NULL;NULL;NULL;NULL;NULL
3333;E1;3333;2018-01-22 12:53:13.843;1;1;291519;9110717;NULL;NULL;NULL;NULL;NULL
3333;E1;3333;2018-01-22 12:54:13.697;1;1;291465;9110891;NULL;NULL;NULL;NULL;NULL
3333;E1;3333;2018-01-22 12:55:14.037;1;1;291562;9111067;NULL;NULL;NULL;NULL;NULL
3333;E1;3333;2018-01-22 12:56:13.440;1;1;291593;9111104;NULL;NULL;NULL;NULL;NULL
3333;E1;3333;2018-01-22 12:57:12.937;1;1;291567;9111250;NULL;NULL;NULL;NULL;NULL
3333;E1;3333;2018-01-22 12:58:12.047;1;1;291471;9111701;NULL;NULL;NULL;NULL;NULL
3333;E1;3333;2018-01-22 12:59:10.980;1;1;291405;9112005;NULL;NULL;NULL;NULL;NULL
3333;E1;3333;2018-01-22 13:00:11.243;1;1;291382;9112103;NULL;NULL;NULL;NULL;NULL
3333;E1;3333;2018-01-22 13:01:10.817;1;1;291288;9112569;NULL;NULL;NULL;NULL;NULL
3333;E1;3333;2018-01-22 13:02:10.003;1;1;291218;9112899;NULL;NULL;NULL;NULL;NULL
3333;E1;3333;2018-01-22 13:03:09.003;1;1;291458;9113316;NULL;NULL;NULL;NULL;NULL
3333;E1;3333;2018-01-22 13:04:09.247;1;1;291648;9113527;NULL;NULL;NULL;NULL;NULL
3333;E1;3333;2018-01-22 13:05:08.057;1;1;291753;9113851;NULL;NULL;NULL;NULL;NULL
3333;E1;3333;2018-01-22 13:06:08.617;1;1;291730;9114312;NULL;NULL;NULL;NULL;NULL
3333;E1;3333;2018-01-22 13:07:08.130;1;0;291730;9114312;NULL;NULL;NULL;NULL;NULL
3333;E1;3333;2018-01-22 13:08:06.910;1;1;291608;9114450;NULL;NULL;NULL;NULL;NULL
3333;E1;3333;2018-01-22 13:09:07.390;1;0;291608;9114450;NULL;NULL;NULL;NULL;NULL
3333;E1;3333;2018-01-22 13:10:06.543;1;1;290891;9114807;NULL;NULL;NULL;NULL;NULL
3333;E1;3333;2018-01-22 13:11:05.790;1;1;290747;9114849;NULL;NULL;NULL;NULL;NULL
3333;E1;3333;2018-01-22 13:12:05.477;1;1;290627;9114745;NULL;NULL;NULL;NULL;NULL
3333;E1;3333;2018-01-22 13:13:04.927;1;1;290456;9114531;NULL;NULL;NULL;NULL;NULL
3333;E1;3333;2018-01-22 13:14:04.157;1;1;290141;9114284;NULL;NULL;NULL;NULL;NULL
3333;E1;3333;2018-01-22 13:15:04.140;1;1;289748;9114312;NULL;NULL;NULL;NULL;NULL
3333;E1;3333;2018-01-22 13:16:04.230;1;1;289389;9114366;NULL;NULL;NULL;NULL;NULL
3333;E1;3333;2018-01-22 13:17:03.197;1;1;289243;9114343;NULL;NULL;NULL;NULL;NULL
3333;E1;3333;2018-01-22 13:18:02.803;1;1;289044;9114074;NULL;NULL;NULL;NULL;NULL
3333;E1;3333;2018-01-22 13:19:01.830;1;1;288949;9113693;NULL;NULL;NULL;NULL;NULL
3333;E1;3333;2018-01-22 13:20:01.827;1;1;289162;9113271;NULL;NULL;NULL;NULL;NULL
3333;E1;3333;2018-01-22 13:21:01.700;1;1;289385;9113134;NULL;NULL;NULL;NULL;NULL
3333;E1;3333;2018-01-22 13:22:01.463;1;1;289147;9113433;NULL;NULL;NULL;NULL;NULL
3333;E1;3333;2018-01-22 13:23:01.303;1;1;289116;9113814;NULL;NULL;NULL;NULL;NULL
3333;E1;3333;2018-01-22 13:24:01.440;1;1;289272;9113814;NULL;NULL;NULL;NULL;NULL
3333;E1;3333;2018-01-22 13:25:00.563;1;1;289555;9113818;NULL;NULL;NULL;NULL;NULL
3333;E1;3333;2018-01-22 13:25:59.920;1;0;289555;9113818;NULL;NULL;NULL;NULL;NULL
3333;E1;3333;2018-01-22 13:30:57.357;1;1;289558;9113819;NULL;NULL;NULL;NULL;NULL
3333;E1;3333;2018-01-22 13:31:57.200;1;1;289556;9113816;NULL;NULL;NULL;NULL;NULL
3333;E1;3333;2018-01-22 13:32:57.320;1;1;289544;9113809;NULL;NULL;NULL;NULL;NULL
3333;E1;3333;2018-01-22 13:33:56.740;1;1;289257;9113824;NULL;NULL;NULL;NULL;NULL
3333;E1;3333;2018-01-22 13:34:56.347;1;1;289204;9113892;NULL;NULL;NULL;NULL;NULL
3333;E1;3333;2018-01-22 13:35:55.530;1;1;289143;9113703;NULL;NULL;NULL;NULL;NULL
3333;E1;3333;2018-01-22 13:36:55.263;1;1;289151;9113403;NULL;NULL;NULL;NULL;NULL
3333;E1;3333;2018-01-22 13:37:54.400;1;1;289269;9113199;NULL;NULL;NULL;NULL;NULL
3333;E1;3333;2018-01-22 13:38:53.273;1;1;289059;9113478;NULL;NULL;NULL;NULL;NULL
3333;E1;3333;2018-01-22 13:39:53.800;1;1;288956;9113816;NULL;NULL;NULL;NULL;NULL
3333;E1;3333;2018-01-22 13:40:53.237;1;1;289080;9114133;NULL;NULL;NULL;NULL;NULL
3333;E1;3333;2018-01-22 13:41:52.937;1;1;289302;9114364;NULL;NULL;NULL;NULL;NULL
3333;E1;3333;2018-01-22 13:42:51.793;1;1;289605;9114318;NULL;NULL;NULL;NULL;NULL
3333;E1;3333;2018-01-22 13:43:51.790;1;1;289774;9114306;NULL;NULL;NULL;NULL;NULL
3333;E1;3333;2018-01-22 13:44:52.253;1;1;290117;9114278;NULL;NULL;NULL;NULL;NULL
3333;E1;3333;2018-01-22 13:45:51.220;1;1;290491;9114544;NULL;NULL;NULL;NULL;NULL
3333;E1;3333;2018-01-22 13:46:51.123;1;1;290635;9114762;NULL;NULL;NULL;NULL;NULL
3333;E1;3333;2018-01-22 13:47:51.153;1;1;290882;9114813;NULL;NULL;NULL;NULL;NULL
3333;E1;3333;2018-01-22 13:48:51.007;1;1;291103;9114717;NULL;NULL;NULL;NULL;NULL
3333;E1;3333;2018-01-22 13:49:50.770;1;1;291383;9114589;NULL;NULL;NULL;NULL;NULL
3333;E1;3333;2018-01-22 13:50:50.877;1;1;291621;9114425;NULL;NULL;NULL;NULL;NULL
3333;E1;3333;2018-01-22 13:51:49.640;1;1;291775;9114227;NULL;NULL;NULL;NULL;NULL
3333;E1;3333;2018-01-22 13:52:50.167;1;1;291753;9113908;NULL;NULL;NULL;NULL;NULL
3333;E1;3333;2018-01-22 13:53:49.587;1;1;291485;9113352;NULL;NULL;NULL;NULL;NULL
3333;E1;3333;2018-01-22 13:54:49.053;1;1;291277;9113127;NULL;NULL;NULL;NULL;NULL
3333;E1;3333;2018-01-22 13:55:48.340;1;1;291262;9113111;NULL;NULL;NULL;NULL;NULL
3333;E1;3333;2018-01-22 13:56:47.233;1;1;291247;9112756;NULL;NULL;NULL;NULL;NULL
3333;E1;3333;2018-01-22 13:57:47.807;1;1;291297;9112511;NULL;NULL;NULL;NULL;NULL
3333;E1;3333;2018-01-22 13:58:47.153;1;1;291382;9112098;NULL;NULL;NULL;NULL;NULL
3333;E1;3333;2018-01-22 13:59:47.037;1;0;291382;9112098;NULL;NULL;NULL;NULL;NULL
3333;E1;3333;2018-01-22 14:00:46.323;1;1;291503;9111526;NULL;NULL;NULL;NULL;NULL
3333;E1;3333;2018-01-22 14:01:45.800;1;1;291584;9111128;NULL;NULL;NULL;NULL;NULL
3333;E1;3333;2018-01-22 14:02:44.887;1;1;291506;9110997;NULL;NULL;NULL;NULL;NULL
3333;E1;3333;2018-01-22 14:03:45.063;1;1;291399;9110760;NULL;NULL;NULL;NULL;NULL
3333;E1;3333;2018-01-22 14:04:43.033;1;1;291300;9110631;NULL;NULL;NULL;NULL;NULL
3333;E1;3333;2018-01-22 14:05:43.697;1;1;291363;9110576;NULL;NULL;NULL;NULL;NULL
3333;E1;3333;2018-01-22 14:06:42.553;1;1;291528;9110438;NULL;NULL;NULL;NULL;NULL
3333;E1;3333;2018-01-22 14:07:43.183;1;1;291705;9110114;NULL;NULL;NULL;NULL;NULL
3333;E1;3333;2018-01-22 14:08:42.683;1;1;291726;9109926;NULL;NULL;NULL;NULL;NULL
3333;E1;3333;2018-01-22 14:09:41.640;1;1;291708;9109589;NULL;NULL;NULL;NULL;NULL
3333;E1;3333;2018-01-22 14:10:41.797;1;1;291730;9109270;NULL;NULL;NULL;NULL;NULL
3333;E1;3333;2018-01-22 14:11:40.607;1;1;291992;9109027;NULL;NULL;NULL;NULL;NULL
3333;E1;3333;2018-01-22 14:12:40.910;1;1;292122;9108955;NULL;NULL;NULL;NULL;NULL
3333;E1;3333;2018-01-22 14:13:40.580;1;1;292213;9108904;NULL;NULL;NULL;NULL;NULL
3333;E1;3333;2018-01-22 14:14:40.173;1;1;292455;9108832;NULL;NULL;NULL;NULL;NULL
3333;E1;3333;2018-01-22 14:15:40.033;1;1;292722;9108706;NULL;NULL;NULL;NULL;NULL
3333;E1;3333;2018-01-22 14:16:39.617;1;1;292936;9108568;NULL;NULL;NULL;NULL;NULL
3333;E1;3333;2018-01-22 14:17:38.847;1;1;293118;9108432;NULL;NULL;NULL;NULL;NULL
3333;E1;3333;2018-01-22 14:18:38.457;1;1;293146;9108348;NULL;NULL;NULL;NULL;NULL
3333;E1;3333;2018-01-22 14:19:37.470;1;1;293142;9108334;NULL;NULL;NULL;NULL;NULL
3333;E1;3333;2018-01-22 14:20:37.203;1;1;293151;9108257;NULL;NULL;NULL;NULL;NULL
3333;E1;3333;2018-01-22 14:21:37.610;1;1;293160;9108214;NULL;NULL;NULL;NULL;NULL
3333;E1;3333;2018-01-22 14:22:36.673;1;1;293165;9108162;NULL;NULL;NULL;NULL;NULL
3333;E1;3333;2018-01-22 14:23:36.760;1;1;293093;9108125;NULL;NULL;NULL;NULL;NULL
3333;E1;3333;2018-01-22 14:24:35.663;1;1;293036;9108155;NULL;NULL;NULL;NULL;NULL
3333;E1;3333;2018-01-22 14:25:35.480;1;1;293016;9108161;NULL;NULL;NULL;NULL;NULL
3333;E1;3333;2018-01-22 14:26:35.887;1;1;292811;9108282;NULL;NULL;NULL;NULL;NULL
3333;E1;3333;2018-01-22 14:27:34.757;1;1;292713;9108481;NULL;NULL;NULL;NULL;NULL
3333;E1;3333;2018-01-22 14:28:35.247;1;1;292794;9108613;NULL;NULL;NULL;NULL;NULL
3333;E1;3333;2018-01-22 14:29:34.510;1;1;292944;9108853;NULL;NULL;NULL;NULL;NULL
3333;E1;3333;2018-01-22 14:30:33.290;1;1;292843;9108967;NULL;NULL;NULL;NULL;NULL
3333;E1;3333;2018-01-22 14:31:33.410;1;1;292599;9109121;NULL;NULL;NULL;NULL;NULL
3333;E1;3333;2018-01-22 14:32:32.877;1;1;292247;9109329;NULL;NULL;NULL;NULL;NULL
3333;E1;3333;2018-01-22 14:33:31.657;1;1;292035;9109476;NULL;NULL;NULL;NULL;NULL
3333;E1;3333;2018-01-22 14:34:32.183;1;1;291866;9109704;NULL;NULL;NULL;NULL;NULL
3333;E1;3333;2018-01-22 14:35:31.633;1;1;291945;9109838;NULL;NULL;NULL;NULL;NULL
3333;E1;3333;2018-01-22 14:36:31.053;1;1;291733;9110009;NULL;NULL;NULL;NULL;NULL
3333;E1;3333;2018-01-22 14:37:30.690;1;1;291700;9110312;NULL;NULL;NULL;NULL;NULL
3333;E1;3333;2018-01-22 14:38:30.420;1;0;291700;9110312;NULL;NULL;NULL;NULL;NULL
3333;E1;3333;2018-01-22 14:39:30.077;1;1;291472;9110803;NULL;NULL;NULL;NULL;NULL
3333;E1;3333;2018-01-22 14:40:29.510;1;1;291466;9110927;NULL;NULL;NULL;NULL;NULL
3333;E1;3333;2018-01-22 14:41:29.023;1;1;291576;9111085;NULL;NULL;NULL;NULL;NULL
3333;E1;3333;2018-01-22 14:42:28.207;1;1;291582;9111092;NULL;NULL;NULL;NULL;NULL
3333;E1;3333;2018-01-22 14:43:27.143;1;1;291572;9111223;NULL;NULL;NULL;NULL;NULL
3333;E1;3333;2018-01-22 14:44:27.390;1;1;291522;9111465;NULL;NULL;NULL;NULL;NULL
3333;E1;3333;2018-01-22 14:45:26.607;1;1;291405;9112011;NULL;NULL;NULL;NULL;NULL
3333;E1;3333;2018-01-22 14:46:25.900;1;1;291326;9112398;NULL;NULL;NULL;NULL;NULL
3333;E1;3333;2018-01-22 14:47:25.320;1;1;291273;9112642;NULL;NULL;NULL;NULL;NULL
3333;E1;3333;2018-01-22 14:48:24.537;1;1;291218;9112905;NULL;NULL;NULL;NULL;NULL
3333;E1;3333;2018-01-22 14:49:23.440;1;1;291217;9113065;NULL;NULL;NULL;NULL;NULL
3333;E1;3333;2018-01-22 14:50:23.763;1;1;291493;9113353;NULL;NULL;NULL;NULL;NULL
3333;E1;3333;2018-01-22 14:51:22.887;1;1;291641;9113519;NULL;NULL;NULL;NULL;NULL
3333;E1;3333;2018-01-22 14:52:22.150;1;1;291718;9113604;NULL;NULL;NULL;NULL;NULL
3333;E1;3333;2018-01-22 14:53:20.993;1;1;291755;9113853;NULL;NULL;NULL;NULL;NULL
3333;E1;3333;2018-01-22 14:54:20.973;1;1;291799;9114176;NULL;NULL;NULL;NULL;NULL
3333;E1;3333;2018-01-22 14:55:21.127;1;1;291536;9114509;NULL;NULL;NULL;NULL;NULL
3333;E1;3333;2018-01-22 14:56:19.797;1;1;291202;9114745;NULL;NULL;NULL;NULL;NULL
3333;E1;3333;2018-01-22 14:57:19.667;1;1;290918;9114761;NULL;NULL;NULL;NULL;NULL
3333;E1;3333;2018-01-22 14:58:19.743;1;1;290747;9114850;NULL;NULL;NULL;NULL;NULL
3333;E1;3333;2018-01-22 14:59:18.523;1;1;290658;9114781;NULL;NULL;NULL;NULL;NULL
3333;E1;3333;2018-01-22 15:00:18.800;1;1;290424;9114516;NULL;NULL;NULL;NULL;NULL
3333;E1;3333;2018-01-22 15:01:18.420;1;1;290020;9114271;NULL;NULL;NULL;NULL;NULL
3333;E1;3333;2018-01-22 15:02:17.950;1;1;289678;9114319;NULL;NULL;NULL;NULL;NULL
3333;E1;3333;2018-01-22 15:03:17.573;1;1;289650;9114322;NULL;NULL;NULL;NULL;NULL
3333;E1;3333;2018-01-22 15:04:16.587;1;1;289372;9114372;NULL;NULL;NULL;NULL;NULL
3333;E1;3333;2018-01-22 15:05:17.033;1;1;289096;9114149;NULL;NULL;NULL;NULL;NULL
3333;E1;3333;2018-01-22 15:06:15.830;1;1;288955;9113666;NULL;NULL;NULL;NULL;NULL
3333;E1;3333;2018-01-22 15:07:15.577;1;1;289080;9113364;NULL;NULL;NULL;NULL;NULL
3333;E1;3333;2018-01-22 15:08:15.293;1;1;289206;9113218;NULL;NULL;NULL;NULL;NULL
3333;E1;3333;2018-01-22 15:09:15.197;1;1;289381;9113139;NULL;NULL;NULL;NULL;NULL
3333;E1;3333;2018-01-22 15:10:14.973;1;1;289150;9113425;NULL;NULL;NULL;NULL;NULL
3333;E1;3333;2018-01-22 15:11:14.750;1;1;289144;9113681;NULL;NULL;NULL;NULL;NULL
3333;E1;3333;2018-01-22 15:12:14.513;1;1;289217;9113852;NULL;NULL;NULL;NULL;NULL
3333;E1;3333;2018-01-22 15:13:14.247;1;1;289417;9113798;NULL;NULL;NULL;NULL;NULL
3333;E1;3333;2018-01-22 15:14:14.600;1;1;289555;9113823;NULL;NULL;NULL;NULL;NULL
3333;E1;3333;2018-01-22 15:15:13.397;1;1;289558;9113806;NULL;NULL;NULL;NULL;NULL
3333;E1;3333;2018-01-22 15:16:13.877;1;0;289558;9113806;NULL;NULL;NULL;NULL;NULL
3333;E1;3333;2018-01-22 15:38:04.843;1;1;289520;9113829;NULL;NULL;NULL;NULL;NULL
3333;E1;3333;2018-01-22 15:39:04.807;1;1;289257;9113827;NULL;NULL;NULL;NULL;NULL
3333;E1;3333;2018-01-22 15:40:05.320;1;1;289137;9113828;NULL;NULL;NULL;NULL;NULL
3333;E1;3333;2018-01-22 15:41:04.847;1;1;289136;9113732;NULL;NULL;NULL;NULL;NULL
3333;E1;3333;2018-01-22 15:42:04.017;1;1;289148;9113444;NULL;NULL;NULL;NULL;NULL
3333;E1;3333;2018-01-22 15:43:03.750;1;1;289272;9113197;NULL;NULL;NULL;NULL;NULL
3333;E1;3333;2018-01-22 15:44:02.233;1;1;289172;9113257;NULL;NULL;NULL;NULL;NULL
3333;E1;3333;2018-01-22 15:45:01.730;1;0;289172;9113257;NULL;NULL;NULL;NULL;NULL
3333;E1;3333;2018-01-22 15:46:01.273;1;1;288954;9113879;NULL;NULL;NULL;NULL;NULL
3333;E1;3333;2018-01-22 15:47:00.833;1;1;289235;9114336;NULL;NULL;NULL;NULL;NULL
3333;E1;3333;2018-01-22 15:48:00.440;1;1;289508;9114330;NULL;NULL;NULL;NULL;NULL
3333;E1;3333;2018-01-22 15:49:00.233;1;1;289812;9114293;NULL;NULL;NULL;NULL;NULL
3333;E1;3333;2018-01-22 15:49:59.980;1;1;290119;9114279;NULL;NULL;NULL;NULL;NULL
3333;E1;3333;2018-01-22 15:50:59.587;1;1;290494;9114544;NULL;NULL;NULL;NULL;NULL
3333;E1;3333;2018-01-22 15:51:59.117;1;1;290611;9114655;NULL;NULL;NULL;NULL;NULL
3333;E1;3333;2018-01-22 15:52:58.800;1;1;290634;9114757;NULL;NULL;NULL;NULL;NULL
3333;E1;3333;2018-01-22 15:53:57.657;1;1;290904;9114773;NULL;NULL;NULL;NULL;NULL
3333;E1;3333;2018-01-22 15:54:58.153;1;1;291284;9114694;NULL;NULL;NULL;NULL;NULL
3333;E1;3333;2018-01-22 15:55:57.587;1;1;291531;9114506;NULL;NULL;NULL;NULL;NULL
3333;E1;3333;2018-01-22 15:56:57.177;1;1;291648;9114395;NULL;NULL;NULL;NULL;NULL
3333;E1;3333;2018-01-22 15:57:56.723;1;1;291751;9113886;NULL;NULL;NULL;NULL;NULL
3333;E1;3333;2018-01-22 15:58:56.203;1;1;291435;9113295;NULL;NULL;NULL;NULL;NULL
3333;E1;3333;2018-01-22 15:59:55.123;1;1;291278;9113129;NULL;NULL;NULL;NULL;NULL
3333;E1;3333;2018-01-22 16:00:54.967;1;1;291215;9113063;NULL;NULL;NULL;NULL;NULL
3333;E1;3333;2018-01-22 16:01:55.210;1;1;291281;9112597;NULL;NULL;NULL;NULL;NULL
3333;E1;3333;2018-01-22 16:02:54.613;1;1;291363;9112205;NULL;NULL;NULL;NULL;NULL
3333;E1;3333;2018-01-22 16:03:53.737;1;1;291460;9111705;NULL;NULL;NULL;NULL;NULL
3333;E1;3333;2018-01-22 16:04:53.127;1;1;291552;9111274;NULL;NULL;NULL;NULL;NULL
3333;E1;3333;2018-01-22 16:05:52.547;1;1;291572;9111106;NULL;NULL;NULL;NULL;NULL
3333;E1;3333;2018-01-22 16:06:51.933;1;1;291457;9110851;NULL;NULL;NULL;NULL;NULL
3333;E1;3333;2018-01-22 16:07:51.430;1;1;291302;9110678;NULL;NULL;NULL;NULL;NULL
3333;E1;3333;2018-01-22 16:08:50.677;1;1;291552;9110421;NULL;NULL;NULL;NULL;NULL
3333;E1;3333;2018-01-22 16:09:50.127;1;1;291716;9110050;NULL;NULL;NULL;NULL;NULL
3333;E1;3333;2018-01-22 16:10:49.437;1;1;291704;9109570;NULL;NULL;NULL;NULL;NULL
3333;E1;3333;2018-01-22 16:11:48.983;1;1;291723;9109267;NULL;NULL;NULL;NULL;NULL
3333;E1;3333;2018-01-22 16:12:48.527;1;1;292033;9109010;NULL;NULL;NULL;NULL;NULL
3333;E1;3333;2018-01-22 16:13:47.383;1;1;292176;9108930;NULL;NULL;NULL;NULL;NULL
3333;E1;3333;2018-01-22 16:14:47.707;1;1;292326;9108848;NULL;NULL;NULL;NULL;NULL
3333;E1;3333;2018-01-22 16:15:47.377;1;1;292473;9108836;NULL;NULL;NULL;NULL;NULL
3333;E1;3333;2018-01-22 16:16:46.127;1;1;292719;9108705;NULL;NULL;NULL;NULL;NULL
3333;E1;3333;2018-01-22 16:17:45.810;1;1;292788;9108664;NULL;NULL;NULL;NULL;NULL
3333;E1;3333;2018-01-22 16:18:46.337;1;1;292940;9108525;NULL;NULL;NULL;NULL;NULL
3333;E1;3333;2018-01-22 16:19:45.320;1;1;293104;9108435;NULL;NULL;NULL;NULL;NULL
3333;E1;3333;2018-01-22 16:20:44.690;1;1;293116;9108431;NULL;NULL;NULL;NULL;NULL
3333;E1;3333;2018-01-22 16:21:44.437;1;1;293140;9108392;NULL;NULL;NULL;NULL;NULL
3333;E1;3333;2018-01-22 16:22:43.797;1;1;293142;9108346;NULL;NULL;NULL;NULL;NULL
3333;E1;3333;2018-01-22 16:23:43.260;1;1;293149;9108327;NULL;NULL;NULL;NULL;NULL
3333;E1;3333;2018-01-22 16:24:42.383;1;1;293150;9108326;NULL;NULL;NULL;NULL;NULL
3333;E1;3333;2018-01-22 16:25:41.943;1;1;293151;9108318;NULL;NULL;NULL;NULL;NULL
3333;E1;3333;2018-01-22 16:26:41.130;1;1;293155;9108247;NULL;NULL;NULL;NULL;NULL
3333;E1;3333;2018-01-22 16:27:40.580;1;1;293159;9108199;NULL;NULL;NULL;NULL;NULL
3333;E1;3333;2018-01-22 16:28:39.767;1;1;293165;9108157;NULL;NULL;NULL;NULL;NULL
3333;E1;3333;2018-01-22 16:29:39.137;1;1;293135;9108128;NULL;NULL;NULL;NULL;NULL
3333;E1;3333;2018-01-22 16:30:38.027;1;1;293022;9108156;NULL;NULL;NULL;NULL;NULL
3333;E1;3333;2018-01-22 16:31:38.240;1;1;293018;9108153;NULL;NULL;NULL;NULL;NULL
3333;E1;3333;2018-01-22 16:32:37.333;1;1;292805;9108281;NULL;NULL;NULL;NULL;NULL
3333;E1;3333;2018-01-22 16:33:36.987;1;1;292720;9108491;NULL;NULL;NULL;NULL;NULL
3333;E1;3333;2018-01-22 16:34:36.560;1;1;292837;9108674;NULL;NULL;NULL;NULL;NULL
3333;E1;3333;2018-01-22 16:35:36.213;1;1;292855;9108954;NULL;NULL;NULL;NULL;NULL
3333;E1;3333;2018-01-22 16:36:34.963;1;1;292459;9109199;NULL;NULL;NULL;NULL;NULL
3333;E1;3333;2018-01-22 16:37:35.397;1;1;292034;9109472;NULL;NULL;NULL;NULL;NULL
3333;E1;3333;2018-01-22 16:38:34.940;1;1;291862;9109722;NULL;NULL;NULL;NULL;NULL
3333;E1;3333;2018-01-22 16:39:34.437;1;1;291940;9109797;NULL;NULL;NULL;NULL;NULL
3333;E1;3333;2018-01-22 16:40:33.903;1;1;291854;9109941;NULL;NULL;NULL;NULL;NULL
3333;E1;3333;2018-01-22 16:41:33.247;1;1;291660;9110428;NULL;NULL;NULL;NULL;NULL
3333;E1;3333;2018-01-22 16:42:32.697;1;1;291604;9110542;NULL;NULL;NULL;NULL;NULL
3333;E1;3333;2018-01-22 16:43:32.083;1;1;291465;9110830;NULL;NULL;NULL;NULL;NULL
3333;E1;3333;2018-01-22 16:44:31.783;1;1;291593;9111097;NULL;NULL;NULL;NULL;NULL
3333;E1;3333;2018-01-22 16:45:31.157;1;1;291571;9111215;NULL;NULL;NULL;NULL;NULL
3333;E1;3333;2018-01-22 16:46:30.683;1;1;291438;9111846;NULL;NULL;NULL;NULL;NULL
3333;E1;3333;2018-01-22 16:47:30.040;1;1;291358;9112241;NULL;NULL;NULL;NULL;NULL
3333;E1;3333;2018-01-22 16:48:29.740;1;1;291324;9112402;NULL;NULL;NULL;NULL;NULL
3333;E1;3333;2018-01-22 16:49:29.457;1;1;291217;9112907;NULL;NULL;NULL;NULL;NULL
3333;E1;3333;2018-01-22 16:50:28.923;1;1;291297;9113131;NULL;NULL;NULL;NULL;NULL
3333;E1;3333;2018-01-22 16:51:28.327;1;1;291457;9113314;NULL;NULL;NULL;NULL;NULL
3333;E1;3333;2018-01-22 16:52:27.933;1;1;291704;9113582;NULL;NULL;NULL;NULL;NULL
3333;E1;3333;2018-01-22 16:53:27.367;1;1;291769;9113932;NULL;NULL;NULL;NULL;NULL
3333;E1;3333;2018-01-22 16:54:26.193;1;1;291706;9114340;NULL;NULL;NULL;NULL;NULL
3333;E1;3333;2018-01-22 16:55:26.567;1;1;291334;9114621;NULL;NULL;NULL;NULL;NULL
3333;E1;3333;2018-01-22 16:56:26.127;1;1;290917;9114758;NULL;NULL;NULL;NULL;NULL
3333;E1;3333;2018-01-22 16:57:25.670;1;1;290870;9114951;NULL;NULL;NULL;NULL;NULL
3333;E1;3333;2018-01-22 16:58:25.213;1;1;290733;9114836;NULL;NULL;NULL;NULL;NULL
3333;E1;3333;2018-01-22 16:59:24.337;1;1;290667;9114784;NULL;NULL;NULL;NULL;NULL
3333;E1;3333;2018-01-22 17:00:23.803;1;1;290585;9114598;NULL;NULL;NULL;NULL;NULL
3333;E1;3333;2018-01-22 17:01:22.737;1;0;290585;9114598;NULL;NULL;NULL;NULL;NULL
3333;E1;3333;2018-01-22 17:02:23.107;1;1;289983;9114266;NULL;NULL;NULL;NULL;NULL
3333;E1;3333;2018-01-22 17:03:22.857;1;1;289683;9114315;NULL;NULL;NULL;NULL;NULL
3333;E1;3333;2018-01-22 17:04:22.320;1;1;289374;9114371;NULL;NULL;NULL;NULL;NULL
3333;E1;3333;2018-01-22 17:05:21.507;1;1;289238;9114340;NULL;NULL;NULL;NULL;NULL
3333;E1;3333;2018-01-22 17:06:21.113;1;1;288998;9113977;NULL;NULL;NULL;NULL;NULL
3333;E1;3333;2018-01-22 17:07:20.813;1;1;289054;9113508;NULL;NULL;NULL;NULL;NULL
3333;E1;3333;2018-01-22 17:08:20.247;1;1;289198;9113225;NULL;NULL;NULL;NULL;NULL
3333;E1;3333;2018-01-22 17:09:19.980;1;1;289378;9113140;NULL;NULL;NULL;NULL;NULL
3333;E1;3333;2018-01-22 17:10:19.243;1;1;289149;9113473;NULL;NULL;NULL;NULL;NULL
3333;E1;3333;2018-01-22 17:11:18.990;1;1;289145;9113696;NULL;NULL;NULL;NULL;NULL
3333;E1;3333;2018-01-22 17:12:18.487;1;1;289141;9113719;NULL;NULL;NULL;NULL;NULL
3333;E1;3333;2018-01-22 17:13:18.077;1;1;289118;9113812;NULL;NULL;NULL;NULL;NULL
3333;E1;3333;2018-01-22 17:14:17.573;1;1;289243;9113832;NULL;NULL;NULL;NULL;NULL
3333;E1;3333;2018-01-22 17:15:17.353;1;1;289325;9113785;NULL;NULL;NULL;NULL;NULL
3333;E1;3333;2018-01-22 17:16:16.897;1;1;289500;9113833;NULL;NULL;NULL;NULL;NULL
3333;E1;3333;2018-01-22 17:17:16.597;1;1;289553;9113823;NULL;NULL;NULL;NULL;NULL
3333;E1;3333;2018-01-22 17:18:16.110;1;0;289553;9113823;NULL;NULL;NULL;NULL;NULL
3333;E1;3333;2018-01-22 17:41:05.687;1;1;289561;9113812;NULL;NULL;NULL;NULL;NULL
3333;E1;3333;2018-01-22 17:42:05.433;1;0;289561;9113812;NULL;NULL;NULL;NULL;NULL
3333;E1;3333;2018-01-22 17:43:04.913;1;1;289422;9113796;NULL;NULL;NULL;NULL;NULL
3333;E1;3333;2018-01-22 17:44:04.457;1;1;289386;9113776;NULL;NULL;NULL;NULL;NULL
3333;E1;3333;2018-01-22 17:45:03.860;1;1;289256;9113825;NULL;NULL;NULL;NULL;NULL
3333;E1;3333;2018-01-22 17:46:02.593;1;1;289115;9113812;NULL;NULL;NULL;NULL;NULL
3333;E1;3333;2018-01-22 17:47:02.827;1;1;289146;9113637;NULL;NULL;NULL;NULL;NULL
3333;E1;3333;2018-01-22 17:48:01.777;1;1;289235;9113257;NULL;NULL;NULL;NULL;NULL
3333;E1;3333;2018-01-22 17:49:01.710;1;1;289208;9113217;NULL;NULL;NULL;NULL;NULL
3333;E1;3333;2018-01-22 17:50:01.677;1;1;289059;9113475;NULL;NULL;NULL;NULL;NULL
3333;E1;3333;2018-01-22 17:51:01.140;1;1;288955;9113701;NULL;NULL;NULL;NULL;NULL
3333;E1;3333;2018-01-22 17:52:00.747;1;1;289011;9113999;NULL;NULL;NULL;NULL;NULL
3333;E1;3333;2018-01-22 17:53:00.167;1;1;289242;9114338;NULL;NULL;NULL;NULL;NULL
3333;E1;3333;2018-01-22 17:53:59.913;1;1;289414;9114356;NULL;NULL;NULL;NULL;NULL
3333;E1;3333;2018-01-22 17:54:59.303;1;1;289631;9114316;NULL;NULL;NULL;NULL;NULL
3333;E1;3333;2018-01-22 17:55:59.097;1;1;289801;9114298;NULL;NULL;NULL;NULL;NULL
3333;E1;3333;2018-01-22 17:56:58.607;1;1;290119;9114277;NULL;NULL;NULL;NULL;NULL
3333;E1;3333;2018-01-22 17:57:57.933;1;1;290350;9114464;NULL;NULL;NULL;NULL;NULL
3333;E1;3333;2018-01-22 17:58:57.337;1;1;290633;9114752;NULL;NULL;NULL;NULL;NULL
3333;E1;3333;2018-01-22 17:59:56.960;1;1;290883;9114814;NULL;NULL;NULL;NULL;NULL
3333;E1;3333;2018-01-22 18:00:56.643;1;1;290933;9114727;NULL;NULL;NULL;NULL;NULL
3333;E1;3333;2018-01-22 18:01:56.140;1;1;291302;9114658;NULL;NULL;NULL;NULL;NULL
3333;E1;3333;2018-01-22 18:02:55.733;1;1;291777;9114223;NULL;NULL;NULL;NULL;NULL
3333;E1;3333;2018-01-22 18:03:55.307;1;1;291750;9113875;NULL;NULL;NULL;NULL;NULL
3333;E1;3333;2018-01-22 18:04:54.853;1;1;291690;9113580;NULL;NULL;NULL;NULL;NULL
3333;E1;3333;2018-01-22 18:05:54.630;1;1;291496;9113367;NULL;NULL;NULL;NULL;NULL
3333;E1;3333;2018-01-22 18:06:53.597;1;1;291339;9113184;NULL;NULL;NULL;NULL;NULL
3333;E1;3333;2018-01-22 18:07:53.343;1;1;291251;9112731;NULL;NULL;NULL;NULL;NULL
3333;E1;3333;2018-01-22 18:08:53.013;1;1;291308;9112479;NULL;NULL;NULL;NULL;NULL
3333;E1;3333;2018-01-22 18:09:52.243;1;1;291337;9112337;NULL;NULL;NULL;NULL;NULL
3333;E1;3333;2018-01-22 18:10:51.367;1;1;291421;9111903;NULL;NULL;NULL;NULL;NULL
3333;E1;3333;2018-01-22 18:11:50.583;1;0;291421;9111903;NULL;NULL;NULL;NULL;NULL
3333;E1;3333;2018-01-22 18:12:50.220;1;1;291468;9111675;NULL;NULL;NULL;NULL;NULL
3333;E1;3333;2018-01-22 18:13:49.780;1;1;291521;9111016;NULL;NULL;NULL;NULL;NULL
3333;E1;3333;2018-01-22 18:14:48.593;1;0;291521;9111016;NULL;NULL;NULL;NULL;NULL
3333;E1;3333;2018-01-22 18:15:48.307;1;1;291289;9110631;NULL;NULL;NULL;NULL;NULL
3333;E1;3333;2018-01-22 18:16:48.023;1;1;291629;9110353;NULL;NULL;NULL;NULL;NULL
3333;E1;3333;2018-01-22 18:17:48.457;1;1;291711;9109695;NULL;NULL;NULL;NULL;NULL
3333;E1;3333;2018-01-22 18:18:47.797;1;1;291713;9109466;NULL;NULL;NULL;NULL;NULL
3333;E1;3333;2018-01-22 18:19:47.420;1;1;291727;9109274;NULL;NULL;NULL;NULL;NULL
3333;E1;3333;2018-01-22 18:20:47.027;1;1;291951;9109049;NULL;NULL;NULL;NULL;NULL
3333;E1;3333;2018-01-22 18:21:46.947;1;1;292179;9108924;NULL;NULL;NULL;NULL;NULL
3333;E1;3333;2018-01-22 18:22:46.427;1;1;292255;9108883;NULL;NULL;NULL;NULL;NULL
3333;E1;3333;2018-01-22 18:23:45.690;1;1;292706;9108717;NULL;NULL;NULL;NULL;NULL
3333;E1;3333;2018-01-22 18:24:44.750;1;1;292782;9108664;NULL;NULL;NULL;NULL;NULL
3333;E1;3333;2018-01-22 18:25:44.480;1;1;292992;9108457;NULL;NULL;NULL;NULL;NULL
3333;E1;3333;2018-01-22 18:26:44.260;1;1;293148;9108282;NULL;NULL;NULL;NULL;NULL
3333;E1;3333;2018-01-22 18:27:43.867;1;1;293158;9108186;NULL;NULL;NULL;NULL;NULL
3333;E1;3333;2018-01-22 18:28:42.647;1;1;293109;9108119;NULL;NULL;NULL;NULL;NULL
3333;E1;3333;2018-01-22 18:29:43.017;1;1;293042;9108148;NULL;NULL;NULL;NULL;NULL
3333;E1;3333;2018-01-22 18:30:42.747;1;1;293043;9108151;NULL;NULL;NULL;NULL;NULL
3333;E1;3333;2018-01-22 18:31:41.760;1;0;293043;9108151;NULL;NULL;NULL;NULL;NULL
3333;E1;3333;2018-01-22 18:34:41.250;1;1;292650;9108380;NULL;NULL;NULL;NULL;NULL
3333;E1;3333;2018-01-22 18:35:40.890;1;1;292826;9108661;NULL;NULL;NULL;NULL;NULL
3333;E1;3333;2018-01-22 18:36:40.247;1;1;292810;9108986;NULL;NULL;NULL;NULL;NULL
3333;E1;3333;2018-01-22 18:37:39.713;1;1;292397;9109234;NULL;NULL;NULL;NULL;NULL
3333;E1;3333;2018-01-22 18:38:39.350;1;1;291957;9109531;NULL;NULL;NULL;NULL;NULL
3333;E1;3333;2018-01-22 18:39:38.957;1;1;291871;9109702;NULL;NULL;NULL;NULL;NULL
3333;E1;3333;2018-01-22 18:40:38.610;1;1;291869;9109944;NULL;NULL;NULL;NULL;NULL
3333;E1;3333;2018-01-22 18:41:38.027;1;1;291710;9110252;NULL;NULL;NULL;NULL;NULL
3333;E1;3333;2018-01-22 18:42:37.527;1;1;291705;9110298;NULL;NULL;NULL;NULL;NULL
3333;E1;3333;2018-01-22 18:43:37.117;1;1;291665;9110427;NULL;NULL;NULL;NULL;NULL
3333;E1;3333;2018-01-22 18:44:36.770;1;1;291602;9110558;NULL;NULL;NULL;NULL;NULL
3333;E1;3333;2018-01-22 18:45:36.393;1;1;291546;9110674;NULL;NULL;NULL;NULL;NULL
3333;E1;3333;2018-01-22 18:46:36.077;1;1;291500;9110760;NULL;NULL;NULL;NULL;NULL
3333;E1;3333;2018-01-22 18:47:35.667;1;1;291467;9110830;NULL;NULL;NULL;NULL;NULL
3333;E1;3333;2018-01-22 18:48:34.743;1;1;291505;9110987;NULL;NULL;NULL;NULL;NULL
3333;E1;3333;2018-01-22 18:49:35.020;1;1;291584;9111090;NULL;NULL;NULL;NULL;NULL
3333;E1;3333;2018-01-22 18:50:34.657;1;1;291578;9111208;NULL;NULL;NULL;NULL;NULL
3333;E1;3333;2018-01-22 18:51:34.157;1;1;291577;9111219;NULL;NULL;NULL;NULL;NULL
3333;E1;3333;2018-01-22 18:52:33.967;1;1;291509;9111526;NULL;NULL;NULL;NULL;NULL
3333;E1;3333;2018-01-22 18:53:33.617;1;1;291400;9112053;NULL;NULL;NULL;NULL;NULL
3333;E1;3333;2018-01-22 18:54:33.083;1;1;291360;9112262;NULL;NULL;NULL;NULL;NULL
3333;E1;3333;2018-01-22 18:55:32.533;1;1;291314;9112471;NULL;NULL;NULL;NULL;NULL
3333;E1;3333;2018-01-22 18:56:32.110;1;1;291241;9112794;NULL;NULL;NULL;NULL;NULL
3333;E1;3333;2018-01-22 18:57:31.637;1;1;291203;9113047;NULL;NULL;NULL;NULL;NULL
3333;E1;3333;2018-01-22 18:58:31.010;1;1;291285;9113122;NULL;NULL;NULL;NULL;NULL
3333;E1;3333;2018-01-22 18:59:29.713;1;1;291342;9113183;NULL;NULL;NULL;NULL;NULL
3333;E1;3333;2018-01-22 19:00:30.113;1;1;291392;9113242;NULL;NULL;NULL;NULL;NULL
3333;E1;3333;2018-01-22 19:01:29.720;1;1;291499;9113356;NULL;NULL;NULL;NULL;NULL
3333;E1;3333;2018-01-22 19:02:28.563;1;1;291580;9113449;NULL;NULL;NULL;NULL;NULL
3333;E1;3333;2018-01-22 19:03:28.823;1;1;291639;9113515;NULL;NULL;NULL;NULL;NULL
3333;E1;3333;2018-01-22 19:04:28.243;1;1;291666;9113541;NULL;NULL;NULL;NULL;NULL
3333;E1;3333;2018-01-22 19:05:27.803;1;1;291758;9113868;NULL;NULL;NULL;NULL;NULL
3333;E1;3333;2018-01-22 19:06:27.147;1;0;291758;9113868;NULL;NULL;NULL;NULL;NULL
3333;E1;3333;2018-01-22 19:07:25.893;1;1;291654;9114401;NULL;NULL;NULL;NULL;NULL
3333;E1;3333;2018-01-22 19:08:25.563;1;1;291504;9114535;NULL;NULL;NULL;NULL;NULL
3333;E1;3333;2018-01-22 19:09:25.200;1;1;291286;9114700;NULL;NULL;NULL;NULL;NULL
3333;E1;3333;2018-01-22 19:10:24.867;1;1;290933;9114739;NULL;NULL;NULL;NULL;NULL
3333;E1;3333;2018-01-22 19:11:24.600;1;1;290867;9114954;NULL;NULL;NULL;NULL;NULL
3333;E1;3333;2018-01-22 19:12:24.330;1;1;290749;9114852;NULL;NULL;NULL;NULL;NULL
3333;E1;3333;2018-01-22 19:13:24.077;1;1;290611;9114674;NULL;NULL;NULL;NULL;NULL
3333;E1;3333;2018-01-22 19:14:23.763;1;0;290611;9114674;NULL;NULL;NULL;NULL;NULL
3333;E1;3333;2018-01-22 19:15:24.180;1;1;290035;9114269;NULL;NULL;NULL;NULL;NULL
3333;E1;3333;2018-01-22 19:16:23.787;1;1;289727;9114312;NULL;NULL;NULL;NULL;NULL
3333;E1;3333;2018-01-22 19:17:23.393;1;1;289435;9114352;NULL;NULL;NULL;NULL;NULL
3333;E1;3333;2018-01-22 19:18:23.047;1;1;289227;9114333;NULL;NULL;NULL;NULL;NULL
3333;E1;3333;2018-01-22 19:19:22.573;1;1;289053;9114094;NULL;NULL;NULL;NULL;NULL
3333;E1;3333;2018-01-22 19:20:22.133;1;1;288949;9113689;NULL;NULL;NULL;NULL;NULL
3333;E1;3333;2018-01-22 19:21:21.773;1;1;289065;9113452;NULL;NULL;NULL;NULL;NULL
3333;E1;3333;2018-01-22 19:22:21.130;1;1;289103;9113332;NULL;NULL;NULL;NULL;NULL
3333;E1;3333;2018-01-22 19:23:20.470;1;1;289398;9113098;NULL;NULL;NULL;NULL;NULL
3333;E1;3333;2018-01-22 19:24:19.780;1;1;289368;9113149;NULL;NULL;NULL;NULL;NULL
3333;E1;3333;2018-01-22 19:25:19.263;1;1;289149;9113462;NULL;NULL;NULL;NULL;NULL
3333;E1;3333;2018-01-22 19:26:18.617;1;1;289129;9113753;NULL;NULL;NULL;NULL;NULL
3333;E1;3333;2018-01-22 19:27:18.287;1;1;289119;9113818;NULL;NULL;NULL;NULL;NULL
3333;E1;3333;2018-01-22 19:28:17.643;1;1;289235;9113839;NULL;NULL;NULL;NULL;NULL
3333;E1;3333;2018-01-22 19:29:16.657;1;1;289314;9113789;NULL;NULL;NULL;NULL;NULL
3333;E1;3333;2018-01-22 19:30:17.263;1;1;289312;9113789;NULL;NULL;NULL;NULL;NULL
3333;E1;3333;2018-01-22 19:31:16.667;1;1;289312;9113788;NULL;NULL;NULL;NULL;NULL
3333;E1;3333;2018-01-22 19:32:16.087;1;1;289313;9113789;NULL;NULL;NULL;NULL;NULL
3333;E1;3333;2018-01-22 19:33:15.770;1;1;289313;9113789;NULL;NULL;NULL;NULL;NULL
3333;E1;3333;2018-01-22 19:34:15.157;1;0;289313;9113789;NULL;NULL;NULL;NULL;NULL
3333;E1;3333;2018-01-22 19:35:14.563;1;1;289313;9113788;NULL;NULL;NULL;NULL;NULL
3333;E1;3333;2018-01-22 19:36:13.903;1;1;289366;9113771;NULL;NULL;NULL;NULL;NULL
3333;E1;3333;2018-01-22 19:37:13.290;1;1;289383;9113768;NULL;NULL;NULL;NULL;NULL
3333;E1;3333;2018-01-22 19:38:12.850;1;1;289405;9113786;NULL;NULL;NULL;NULL;NULL
3333;E1;3333;2018-01-22 19:39:12.550;1;1;289434;9113811;NULL;NULL;NULL;NULL;NULL
3333;E1;3333;2018-01-22 19:40:12.097;1;1;289559;9113817;NULL;NULL;NULL;NULL;NULL
3333;E1;3333;2018-01-22 19:41:11.513;1;1;289559;9113817;NULL;NULL;NULL;NULL;NULL
3333;E1;3333;2018-01-22 19:42:10.967;1;0;289559;9113817;NULL;NULL;NULL;NULL;NULL
3333;E1;3333;2018-01-22 20:08:01.060;1;1;289573;9113807;NULL;NULL;NULL;NULL;NULL
3333;E1;3333;2018-01-22 20:09:00.977;1;1;289525;9113828;NULL;NULL;NULL;NULL;NULL
3333;E1;3333;2018-01-22 20:09:59.883;1;1;289402;9113786;NULL;NULL;NULL;NULL;NULL
3333;E1;3333;2018-01-22 20:10:59.367;1;1;289239;9113888;NULL;NULL;NULL;NULL;NULL
3333;E1;3333;2018-01-22 20:11:59.173;1;1;289230;9113895;NULL;NULL;NULL;NULL;NULL
3333;E1;3333;2018-01-22 20:12:58.733;1;1;289197;9113887;NULL;NULL;NULL;NULL;NULL
3333;E1;3333;2018-01-22 20:13:58.467;1;1;289161;9113854;NULL;NULL;NULL;NULL;NULL
3333;E1;3333;2018-01-22 20:14:58.057;1;1;289172;9113865;NULL;NULL;NULL;NULL;NULL
3333;E1;3333;2018-01-22 20:15:57.880;1;1;289175;9113865;NULL;NULL;NULL;NULL;NULL
3333;E1;3333;2018-01-22 20:16:57.457;1;1;289174;9113865;NULL;NULL;NULL;NULL;NULL
3333;E1;3333;2018-01-22 20:17:57.017;1;1;289129;9113826;NULL;NULL;NULL;NULL;NULL
3333;E1;3333;2018-01-22 20:18:55.997;1;1;289116;9113802;NULL;NULL;NULL;NULL;NULL
3333;E1;3333;2018-01-22 20:19:56.743;1;1;289146;9113557;NULL;NULL;NULL;NULL;NULL
3333;E1;3333;2018-01-22 20:20:56.397;1;1;289284;9113231;NULL;NULL;NULL;NULL;NULL
3333;E1;3333;2018-01-22 20:21:55.957;1;1;289206;9113220;NULL;NULL;NULL;NULL;NULL
3333;E1;3333;2018-01-22 20:22:55.687;1;1;289068;9113442;NULL;NULL;NULL;NULL;NULL
3333;E1;3333;2018-01-22 20:23:54.623;1;1;288957;9113758;NULL;NULL;NULL;NULL;NULL
3333;E1;3333;2018-01-22 20:24:55.353;1;1;289143;9114203;NULL;NULL;NULL;NULL;NULL
3333;E1;3333;2018-01-22 20:25:54.960;1;1;289304;9114364;NULL;NULL;NULL;NULL;NULL
3333;E1;3333;2018-01-22 20:26:54.487;1;1;289585;9114318;NULL;NULL;NULL;NULL;NULL
3333;E1;3333;2018-01-22 20:27:54.093;1;1;289823;9114291;NULL;NULL;NULL;NULL;NULL
3333;E1;3333;2018-01-22 20:28:53.747;1;1;290167;9114292;NULL;NULL;NULL;NULL;NULL
3333;E1;3333;2018-01-22 20:29:53.370;1;1;290431;9114515;NULL;NULL;NULL;NULL;NULL
3333;E1;3333;2018-01-22 20:30:53.333;1;1;290622;9114698;NULL;NULL;NULL;NULL;NULL
3333;E1;3333;2018-01-22 20:31:53.253;1;1;290779;9114870;NULL;NULL;NULL;NULL;NULL
3333;E1;3333;2018-01-22 20:32:52.720;1;1;290946;9114713;NULL;NULL;NULL;NULL;NULL
3333;E1;3333;2018-01-22 20:33:52.720;1;1;291236;9114735;NULL;NULL;NULL;NULL;NULL
3333;E1;3333;2018-01-22 20:34:52.447;1;1;291692;9114349;NULL;NULL;NULL;NULL;NULL
3333;E1;3333;2018-01-22 20:35:51.953;1;1;291792;9114115;NULL;NULL;NULL;NULL;NULL
3333;E1;3333;2018-01-22 20:36:51.523;1;1;291752;9113779;NULL;NULL;NULL;NULL;NULL
3333;E1;3333;2018-01-22 20:37:51.217;1;1;291568;9113447;NULL;NULL;NULL;NULL;NULL
3333;E1;3333;2018-01-22 20:38:50.927;1;1;291461;9113326;NULL;NULL;NULL;NULL;NULL
3333;E1;3333;2018-01-22 20:39:50.500;1;1;291269;9113118;NULL;NULL;NULL;NULL;NULL
3333;E1;3333;2018-01-22 20:40:50.180;1;1;291304;9112484;NULL;NULL;NULL;NULL;NULL
3333;E1;3333;2018-01-22 20:41:49.627;1;1;291385;9112089;NULL;NULL;NULL;NULL;NULL
3333;E1;3333;2018-01-22 20:42:48.717;1;1;291453;9111736;NULL;NULL;NULL;NULL;NULL
3333;E1;3333;2018-01-22 20:43:47.967;1;1;291522;9111434;NULL;NULL;NULL;NULL;NULL
3333;E1;3333;2018-01-22 20:44:47.737;1;1;291553;9111074;NULL;NULL;NULL;NULL;NULL
3333;E1;3333;2018-01-22 20:45:47.463;1;1;291500;9110990;NULL;NULL;NULL;NULL;NULL
3333;E1;3333;2018-01-22 20:46:47.077;1;1;291363;9110586;NULL;NULL;NULL;NULL;NULL
3333;E1;3333;2018-01-22 20:47:46.583;1;1;291725;9109992;NULL;NULL;NULL;NULL;NULL
3333;E1;3333;2018-01-22 20:48:46.247;1;1;291709;9109566;NULL;NULL;NULL;NULL;NULL
3333;E1;3333;2018-01-22 20:49:45.727;1;1;291748;9109186;NULL;NULL;NULL;NULL;NULL
3333;E1;3333;2018-01-22 20:50:45.377;1;1;292117;9108962;NULL;NULL;NULL;NULL;NULL
3333;E1;3333;2018-01-22 20:51:44.797;1;1;292496;9108832;NULL;NULL;NULL;NULL;NULL
3333;E1;3333;2018-01-22 20:52:44.210;1;1;292957;9108555;NULL;NULL;NULL;NULL;NULL
3333;E1;3333;2018-01-22 20:53:43.800;1;1;293142;9108297;NULL;NULL;NULL;NULL;NULL
3333;E1;3333;2018-01-22 20:54:43.360;1;1;293028;9108158;NULL;NULL;NULL;NULL;NULL
3333;E1;3333;2018-01-22 20:55:43.060;1;1;292848;9108257;NULL;NULL;NULL;NULL;NULL
3333;E1;3333;2018-01-22 20:56:42.743;1;1;292710;9108467;NULL;NULL;NULL;NULL;NULL
3333;E1;3333;2018-01-22 20:57:41.507;1;1;292808;9108625;NULL;NULL;NULL;NULL;NULL
3333;E1;3333;2018-01-22 20:58:42.140;1;1;292821;9108982;NULL;NULL;NULL;NULL;NULL
3333;E1;3333;2018-01-22 20:59:41.653;1;1;292519;9109160;NULL;NULL;NULL;NULL;NULL
3333;E1;3333;2018-01-22 21:00:41.183;1;1;292112;9109418;NULL;NULL;NULL;NULL;NULL
3333;E1;3333;2018-01-22 21:01:40.927;1;1;291866;9109715;NULL;NULL;NULL;NULL;NULL
3333;E1;3333;2018-01-22 21:02:40.690;1;1;291920;9109896;NULL;NULL;NULL;NULL;NULL
3333;E1;3333;2018-01-22 21:03:40.577;1;1;291716;9110185;NULL;NULL;NULL;NULL;NULL
3333;E1;3333;2018-01-22 21:04:40.357;1;1;291476;9110802;NULL;NULL;NULL;NULL;NULL
3333;E1;3333;2018-01-22 21:05:40.210;1;1;291585;9111172;NULL;NULL;NULL;NULL;NULL
3333;E1;3333;2018-01-22 21:06:39.943;1;1;291539;9111367;NULL;NULL;NULL;NULL;NULL
3333;E1;3333;2018-01-22 21:07:39.690;1;1;291442;9111844;NULL;NULL;NULL;NULL;NULL
3333;E1;3333;2018-01-22 21:08:39.420;1;1;291309;9112482;NULL;NULL;NULL;NULL;NULL
3333;E1;3333;2018-01-22 21:09:39.057;1;1;291224;9112878;NULL;NULL;NULL;NULL;NULL
3333;E1;3333;2018-01-22 21:10:38.820;1;1;291305;9113138;NULL;NULL;NULL;NULL;NULL
3333;E1;3333;2018-01-22 21:11:38.507;1;1;291501;9113357;NULL;NULL;NULL;NULL;NULL
3333;E1;3333;2018-01-22 21:12:38.423;1;1;291762;9113656;NULL;NULL;NULL;NULL;NULL
3333;E1;3333;2018-01-22 21:13:38.047;1;1;291802;9114110;NULL;NULL;NULL;NULL;NULL
3333;E1;3333;2018-01-22 21:14:37.590;1;1;291523;9114518;NULL;NULL;NULL;NULL;NULL
3333;E1;3333;2018-01-22 21:15:37.337;1;1;291074;9114719;NULL;NULL;NULL;NULL;NULL
3333;E1;3333;2018-01-22 21:16:37.130;1;1;290842;9114893;NULL;NULL;NULL;NULL;NULL
3333;E1;3333;2018-01-22 21:17:37.173;1;1;290658;9114778;NULL;NULL;NULL;NULL;NULL
3333;E1;3333;2018-01-22 21:18:35.547;1;1;290612;9114668;NULL;NULL;NULL;NULL;NULL
3333;E1;3333;2018-01-22 21:19:35.077;1;1;290294;9114410;NULL;NULL;NULL;NULL;NULL
3333;E1;3333;2018-01-22 21:20:34.683;1;1;289871;9114277;NULL;NULL;NULL;NULL;NULL
3333;E1;3333;2018-01-22 21:21:34.540;1;1;289594;9114320;NULL;NULL;NULL;NULL;NULL
3333;E1;3333;2018-01-22 21:22:34.380;1;1;289338;9114373;NULL;NULL;NULL;NULL;NULL
3333;E1;3333;2018-01-22 21:23:34.237;1;1;289139;9114197;NULL;NULL;NULL;NULL;NULL
3333;E1;3333;2018-01-22 21:24:34.277;1;1;288953;9113704;NULL;NULL;NULL;NULL;NULL
3333;E1;3333;2018-01-22 21:25:33.197;1;1;289066;9113460;NULL;NULL;NULL;NULL;NULL
3333;E1;3333;2018-01-22 21:26:33.850;1;1;289218;9113214;NULL;NULL;NULL;NULL;NULL
3333;E1;3333;2018-01-22 21:27:33.457;1;1;289381;9113141;NULL;NULL;NULL;NULL;NULL
3333;E1;3333;2018-01-22 21:28:33.127;1;1;289191;9113324;NULL;NULL;NULL;NULL;NULL
3333;E1;3333;2018-01-22 21:29:33.043;1;1;289144;9113673;NULL;NULL;NULL;NULL;NULL
3333;E1;3333;2018-01-22 21:30:32.790;1;1;289120;9113822;NULL;NULL;NULL;NULL;NULL
3333;E1;3333;2018-01-22 21:31:32.477;1;1;289160;9113851;NULL;NULL;NULL;NULL;NULL
3333;E1;3333;2018-01-22 21:32:32.660;1;1;289302;9113798;NULL;NULL;NULL;NULL;NULL
3333;E1;3333;2018-01-22 21:33:32.640;1;1;289454;9113825;NULL;NULL;NULL;NULL;NULL
3333;E1;3333;2018-01-22 21:34:32.293;1;1;289524;9113829;NULL;NULL;NULL;NULL;NULL
3333;E1;3333;2018-01-22 21:35:32.133;1;1;289548;9113810;NULL;NULL;NULL;NULL;NULL
3333;E1;3333;2018-01-22 21:36:32.223;1;0;289548;9113810;NULL;NULL;NULL;NULL;NULL
3333;E1;3333;2018-01-22 21:39:30.123;1;1;289532;9113819;NULL;NULL;NULL;NULL;NULL
3333;E1;3333;2018-01-22 21:40:29.790;1;1;289319;9113788;NULL;NULL;NULL;NULL;NULL
3333;E1;3333;2018-01-22 21:41:29.553;1;1;289213;9113893;NULL;NULL;NULL;NULL;NULL
3333;E1;3333;2018-01-22 21:42:29.427;1;1;289118;9113818;NULL;NULL;NULL;NULL;NULL
3333;E1;3333;2018-01-22 21:43:29.407;1;1;289116;9113803;NULL;NULL;NULL;NULL;NULL
3333;E1;3333;2018-01-22 21:44:29.043;1;1;289144;9113680;NULL;NULL;NULL;NULL;NULL
3333;E1;3333;2018-01-22 21:45:28.993;1;1;289157;9113374;NULL;NULL;NULL;NULL;NULL
3333;E1;3333;2018-01-22 21:46:28.897;1;1;289189;9113329;NULL;NULL;NULL;NULL;NULL
3333;E1;3333;2018-01-22 21:47:28.567;1;1;289276;9113236;NULL;NULL;NULL;NULL;NULL
3333;E1;3333;2018-01-22 21:48:27.487;1;1;289079;9113380;NULL;NULL;NULL;NULL;NULL
3333;E1;3333;2018-01-22 21:49:27.513;1;1;288952;9113702;NULL;NULL;NULL;NULL;NULL
3333;E1;3333;2018-01-22 21:50:27.993;1;1;289089;9114142;NULL;NULL;NULL;NULL;NULL
3333;E1;3333;2018-01-22 21:51:27.880;1;1;289304;9114364;NULL;NULL;NULL;NULL;NULL
3333;E1;3333;2018-01-22 21:52:27.377;1;1;289657;9114316;NULL;NULL;NULL;NULL;NULL
3333;E1;3333;2018-01-22 21:53:27.217;1;1;290104;9114276;NULL;NULL;NULL;NULL;NULL
3333;E1;3333;2018-01-22 21:54:26.967;1;1;290472;9114534;NULL;NULL;NULL;NULL;NULL
3333;E1;3333;2018-01-22 21:55:27.103;1;1;290723;9114828;NULL;NULL;NULL;NULL;NULL
3333;E1;3333;2018-01-22 21:56:25.833;1;1;290856;9114921;NULL;NULL;NULL;NULL;NULL
3333;E1;3333;2018-01-22 21:57:25.923;1;1;291119;9115224;NULL;NULL;NULL;NULL;NULL
3333;E1;3333;2018-01-22 21:58:25.907;1;1;291366;9115179;NULL;NULL;NULL;NULL;NULL
3333;E1;3333;2018-01-22 21:59:25.467;1;1;291447;9115124;NULL;NULL;NULL;NULL;NULL
3333;E1;3333;2018-01-22 22:00:24.480;1;1;291674;9114950;NULL;NULL;NULL;NULL;NULL
3333;E1;3333;2018-01-22 22:01:25.117;1;1;292168;9114661;NULL;NULL;NULL;NULL;NULL
3333;E1;3333;2018-01-22 22:02:24.550;1;1;292844;9114284;NULL;NULL;NULL;NULL;NULL
3333;E1;3333;2018-01-22 22:03:24.093;1;1;293256;9114211;NULL;NULL;NULL;NULL;NULL
3333;E1;3333;2018-01-22 22:04:23.467;1;1;293477;9114556;NULL;NULL;NULL;NULL;NULL
3333;E1;3333;2018-01-22 22:05:22.277;1;1;293703;9114452;NULL;NULL;NULL;NULL;NULL
3333;E1;3333;2018-01-22 22:06:22.773;1;1;293770;9114691;NULL;NULL;NULL;NULL;NULL
3333;E1;3333;2018-01-22 22:07:22.160;1;1;293881;9114931;NULL;NULL;NULL;NULL;NULL
3333;E1;3333;2018-01-22 22:08:21.627;1;0;293881;9114931;NULL;NULL;NULL;NULL;NULL
3333;E1;3333;2018-01-22 22:10:20.620;1;1;293888;9114922;NULL;NULL;NULL;NULL;NULL
3333;E1;3333;2018-01-22 22:11:21.100;1;0;293888;9114922;NULL;NULL;NULL;NULL;NULL
3333;E1;3333;2018-01-22 22:13:21.110;1;1;293914;9114984;NULL;NULL;NULL;NULL;NULL
3333;E1;3333;2018-01-22 22:14:19.703;1;0;293914;9114984;NULL;NULL;NULL;NULL;NULL
3333;E1;3333;2018-01-22 22:15:19.450;1;1;293870;9115025;NULL;NULL;NULL;NULL;NULL
3333;E1;3333;2018-01-22 22:16:19.057;1;0;293870;9115025;NULL;NULL;NULL;NULL;NULL
3333;E1;3333;2018-01-22 22:40:09.110;1;1;293866;9114999;NULL;NULL;NULL;NULL;NULL
3333;E1;3333;2018-01-22 22:41:08.907;1;1;293849;9114949;NULL;NULL;NULL;NULL;NULL
3333;E1;3333;2018-01-22 22:42:08.497;1;1;293866;9115096;NULL;NULL;NULL;NULL;NULL
3333;E1;3333;2018-01-22 22:43:07.587;1;0;293866;9115096;NULL;NULL;NULL;NULL;NULL
3333;E1;3333;2018-01-23 00:02:36.243;1;1;293843;9115075;NULL;NULL;NULL;NULL;NULL
3333;E1;3333;2018-01-23 00:03:37.130;1;0;293843;9115075;NULL;NULL;NULL;NULL;NULL
